{
"meta":{"test_sets":[],"test_metrics":[],"learn_metrics":[{"best_value":"Min","name":"Logloss"}],"launch_mode":"Train","parameters":"","iteration_count":1000,"learn_sets":["learn"],"name":"experiment"},
"iterations":[
{"learn":[0.6717303058],"iteration":0,"passed_time":0.197648053,"remaining_time":197.450405},
{"learn":[0.653952892],"iteration":1,"passed_time":0.2202092058,"remaining_time":109.8843937},
{"learn":[0.6340518164],"iteration":2,"passed_time":0.2394014651,"remaining_time":79.56108691},
{"learn":[0.6161876876],"iteration":3,"passed_time":0.260068791,"remaining_time":64.75712897},
{"learn":[0.5996576835],"iteration":4,"passed_time":0.2789216429,"remaining_time":55.50540694},
{"learn":[0.5844813566],"iteration":5,"passed_time":0.2953634068,"remaining_time":48.93187107},
{"learn":[0.5717677658],"iteration":6,"passed_time":0.3153729357,"remaining_time":44.7379036},
{"learn":[0.56096073],"iteration":7,"passed_time":0.3297169746,"remaining_time":40.88490484},
{"learn":[0.5514008924],"iteration":8,"passed_time":0.3487599618,"remaining_time":38.4023469},
{"learn":[0.539925994],"iteration":9,"passed_time":0.3677925719,"remaining_time":36.41146462},
{"learn":[0.529424537],"iteration":10,"passed_time":0.385598901,"remaining_time":34.66884665},
{"learn":[0.5200130981],"iteration":11,"passed_time":0.3997140539,"remaining_time":32.90979044},
{"learn":[0.5123467507],"iteration":12,"passed_time":0.4138172224,"remaining_time":31.41827681},
{"learn":[0.5033606693],"iteration":13,"passed_time":0.4286880108,"remaining_time":30.19188419},
{"learn":[0.496373465],"iteration":14,"passed_time":0.4437599023,"remaining_time":29.14023359},
{"learn":[0.4899261288],"iteration":15,"passed_time":0.461142989,"remaining_time":28.36029382},
{"learn":[0.4843601257],"iteration":16,"passed_time":0.4784877313,"remaining_time":27.6678494},
{"learn":[0.4784961792],"iteration":17,"passed_time":0.4935885769,"remaining_time":26.92799903},
{"learn":[0.4737417097],"iteration":18,"passed_time":0.5053215946,"remaining_time":26.0905518},
{"learn":[0.468577986],"iteration":19,"passed_time":0.519344401,"remaining_time":25.44787565},
{"learn":[0.4634523339],"iteration":20,"passed_time":0.5349292484,"remaining_time":24.93789211},
{"learn":[0.45947094],"iteration":21,"passed_time":0.5485907991,"remaining_time":24.38735462},
{"learn":[0.4534370972],"iteration":22,"passed_time":0.5631401583,"remaining_time":23.92121455},
{"learn":[0.4502972646],"iteration":23,"passed_time":0.5808898374,"remaining_time":23.62285339},
{"learn":[0.4462093906],"iteration":24,"passed_time":0.594100358,"remaining_time":23.16991396},
{"learn":[0.4428325556],"iteration":25,"passed_time":0.6106010885,"remaining_time":22.87405616},
{"learn":[0.4390906981],"iteration":26,"passed_time":0.6255402899,"remaining_time":22.5426186},
{"learn":[0.4355532628],"iteration":27,"passed_time":0.6439446649,"remaining_time":22.35407908},
{"learn":[0.4324295885],"iteration":28,"passed_time":0.6648401237,"remaining_time":22.26068138},
{"learn":[0.4283870997],"iteration":29,"passed_time":0.6910410577,"remaining_time":22.34366087},
{"learn":[0.4250513386],"iteration":30,"passed_time":0.7090798553,"remaining_time":22.16446387},
{"learn":[0.4224494341],"iteration":31,"passed_time":0.7325212697,"remaining_time":22.15876841},
{"learn":[0.4199707681],"iteration":32,"passed_time":0.7544462273,"remaining_time":22.10756066},
{"learn":[0.4181095707],"iteration":33,"passed_time":0.7773679771,"remaining_time":22.08639606},
{"learn":[0.4161025336],"iteration":34,"passed_time":0.7986729352,"remaining_time":22.02055379},
{"learn":[0.4142997713],"iteration":35,"passed_time":0.8172437128,"remaining_time":21.88397053},
{"learn":[0.4121894716],"iteration":36,"passed_time":0.8342594235,"remaining_time":21.71329256},
{"learn":[0.4096651712],"iteration":37,"passed_time":0.8509712566,"remaining_time":21.54300918},
{"learn":[0.4080807354],"iteration":38,"passed_time":0.86643679,"remaining_time":21.34989116},
{"learn":[0.4063455177],"iteration":39,"passed_time":0.8812264017,"remaining_time":21.14943364},
{"learn":[0.4048763315],"iteration":40,"passed_time":0.8983009679,"remaining_time":21.01147874},
{"learn":[0.4034017941],"iteration":41,"passed_time":0.916177328,"remaining_time":20.89756858},
{"learn":[0.4007434086],"iteration":42,"passed_time":0.9328142213,"remaining_time":20.76053976},
{"learn":[0.3994030113],"iteration":43,"passed_time":0.9510776596,"remaining_time":20.6643237},
{"learn":[0.398076518],"iteration":44,"passed_time":0.9672529308,"remaining_time":20.52725664},
{"learn":[0.3966969001],"iteration":45,"passed_time":0.9874658207,"remaining_time":20.47918245},
{"learn":[0.3953723497],"iteration":46,"passed_time":1.008840996,"remaining_time":20.45586104},
{"learn":[0.3932927749],"iteration":47,"passed_time":1.029053041,"remaining_time":20.40955198},
{"learn":[0.3922532283],"iteration":48,"passed_time":1.046547971,"remaining_time":20.31157388},
{"learn":[0.3910302766],"iteration":49,"passed_time":1.062387327,"remaining_time":20.18535921},
{"learn":[0.3898295676],"iteration":50,"passed_time":1.081365905,"remaining_time":20.12188713},
{"learn":[0.3887214733],"iteration":51,"passed_time":1.09928978,"remaining_time":20.04089829},
{"learn":[0.3862964994],"iteration":52,"passed_time":1.119524482,"remaining_time":20.00357896},
{"learn":[0.3851595498],"iteration":53,"passed_time":1.139320275,"remaining_time":19.95920334},
{"learn":[0.3842219674],"iteration":54,"passed_time":1.153865489,"remaining_time":19.82550704},
{"learn":[0.3831522866],"iteration":55,"passed_time":1.17252513,"remaining_time":19.76542362},
{"learn":[0.38218463],"iteration":56,"passed_time":1.188889803,"remaining_time":19.66882604},
{"learn":[0.3808869428],"iteration":57,"passed_time":1.206400431,"remaining_time":19.59360699},
{"learn":[0.3799511423],"iteration":58,"passed_time":1.226121514,"remaining_time":19.55559907},
{"learn":[0.3776125625],"iteration":59,"passed_time":1.244569323,"remaining_time":19.49825273},
{"learn":[0.3755426849],"iteration":60,"passed_time":1.259334585,"remaining_time":19.38549468},
{"learn":[0.3746206019],"iteration":61,"passed_time":1.273381651,"remaining_time":19.26503208},
{"learn":[0.3737976999],"iteration":62,"passed_time":1.28853684,"remaining_time":19.16442887},
{"learn":[0.3731367572],"iteration":63,"passed_time":1.303912951,"remaining_time":19.06972691},
{"learn":[0.3724738075],"iteration":64,"passed_time":1.320056506,"remaining_time":18.98850512},
{"learn":[0.371646364],"iteration":65,"passed_time":1.337322061,"remaining_time":18.92513342},
{"learn":[0.3703081988],"iteration":66,"passed_time":1.356380289,"remaining_time":18.88810163},
{"learn":[0.3687757588],"iteration":67,"passed_time":1.371499534,"remaining_time":18.79761127},
{"learn":[0.3680974107],"iteration":68,"passed_time":1.386073426,"remaining_time":18.70194723},
{"learn":[0.366579798],"iteration":69,"passed_time":1.402089203,"remaining_time":18.62775655},
{"learn":[0.3659268862],"iteration":70,"passed_time":1.417580499,"remaining_time":18.54834202},
{"learn":[0.3651029996],"iteration":71,"passed_time":1.432770886,"remaining_time":18.46682476},
{"learn":[0.3633637764],"iteration":72,"passed_time":1.450894378,"remaining_time":18.42437108},
{"learn":[0.3625652037],"iteration":73,"passed_time":1.464815351,"remaining_time":18.32998669},
{"learn":[0.361981886],"iteration":74,"passed_time":1.47889029,"remaining_time":18.23964691},
{"learn":[0.3606514315],"iteration":75,"passed_time":1.493238344,"remaining_time":18.15463461},
{"learn":[0.3599774067],"iteration":76,"passed_time":1.507507398,"remaining_time":18.07051076},
{"learn":[0.3588347309],"iteration":77,"passed_time":1.520528387,"remaining_time":17.97342529},
{"learn":[0.3582607738],"iteration":78,"passed_time":1.534719033,"remaining_time":17.89210417},
{"learn":[0.3577904887],"iteration":79,"passed_time":1.547629788,"remaining_time":17.79774256},
{"learn":[0.3572651269],"iteration":80,"passed_time":1.565183538,"remaining_time":17.75807002},
{"learn":[0.3567202918],"iteration":81,"passed_time":1.578413536,"remaining_time":17.67053202},
{"learn":[0.3561739951],"iteration":82,"passed_time":1.594235877,"remaining_time":17.61342529},
{"learn":[0.3552123559],"iteration":83,"passed_time":1.610437448,"remaining_time":17.56143694},
{"learn":[0.3548000014],"iteration":84,"passed_time":1.625303433,"remaining_time":17.49591342},
{"learn":[0.3540796384],"iteration":85,"passed_time":1.639378478,"remaining_time":17.42316196},
{"learn":[0.3536302941],"iteration":86,"passed_time":1.653548879,"remaining_time":17.35276008},
{"learn":[0.3530779512],"iteration":87,"passed_time":1.672292712,"remaining_time":17.33103356},
{"learn":[0.3525222345],"iteration":88,"passed_time":1.689924352,"remaining_time":17.29798972},
{"learn":[0.3520583432],"iteration":89,"passed_time":1.708175344,"remaining_time":17.2715507},
{"learn":[0.3515460211],"iteration":90,"passed_time":1.726884621,"remaining_time":17.24986946},
{"learn":[0.3510305848],"iteration":91,"passed_time":1.744651229,"remaining_time":17.21894909},
{"learn":[0.3504789807],"iteration":92,"passed_time":1.762031702,"remaining_time":17.18454574},
{"learn":[0.3499853318],"iteration":93,"passed_time":1.776407659,"remaining_time":17.12154616},
{"learn":[0.3490216406],"iteration":94,"passed_time":1.789679238,"remaining_time":17.04904958},
{"learn":[0.3485317083],"iteration":95,"passed_time":1.804096609,"remaining_time":16.98857641},
{"learn":[0.3481540276],"iteration":96,"passed_time":1.818719874,"remaining_time":16.93096955},
{"learn":[0.3471126007],"iteration":97,"passed_time":1.836638136,"remaining_time":16.90456733},
{"learn":[0.3466160424],"iteration":98,"passed_time":1.85436455,"remaining_time":16.8765905},
{"learn":[0.3462744482],"iteration":99,"passed_time":1.869213028,"remaining_time":16.82291725},
{"learn":[0.3449729855],"iteration":100,"passed_time":1.885451119,"remaining_time":16.78238175},
{"learn":[0.3445904848],"iteration":101,"passed_time":1.899393343,"remaining_time":16.72211002},
{"learn":[0.3442254939],"iteration":102,"passed_time":1.916874796,"remaining_time":16.69356011},
{"learn":[0.3438203994],"iteration":103,"passed_time":1.931719158,"remaining_time":16.64250351},
{"learn":[0.343302791],"iteration":104,"passed_time":1.946439899,"remaining_time":16.59108295},
{"learn":[0.3422240227],"iteration":105,"passed_time":1.960178787,"remaining_time":16.53207392},
{"learn":[0.3409192909],"iteration":106,"passed_time":1.976211856,"remaining_time":16.49305782},
{"learn":[0.3404651202],"iteration":107,"passed_time":1.990358032,"remaining_time":16.438883},
{"learn":[0.3400377176],"iteration":108,"passed_time":2.007040153,"remaining_time":16.40617226},
{"learn":[0.3397168495],"iteration":109,"passed_time":2.0233177,"remaining_time":16.37047957},
{"learn":[0.3387154423],"iteration":110,"passed_time":2.035309025,"remaining_time":16.30080831},
{"learn":[0.3383166791],"iteration":111,"passed_time":2.04855178,"remaining_time":16.24208911},
{"learn":[0.3378458097],"iteration":112,"passed_time":2.060265382,"remaining_time":16.17217162},
{"learn":[0.3376048424],"iteration":113,"passed_time":2.072513692,"remaining_time":16.10743097},
{"learn":[0.3373361976],"iteration":114,"passed_time":2.086030261,"remaining_time":16.05336331},
{"learn":[0.3369127894],"iteration":115,"passed_time":2.098305102,"remaining_time":15.99053198},
{"learn":[0.3363283079],"iteration":116,"passed_time":2.109775953,"remaining_time":15.92249715},
{"learn":[0.3359906485],"iteration":117,"passed_time":2.123439916,"remaining_time":15.87181361},
{"learn":[0.3356258139],"iteration":118,"passed_time":2.137962804,"remaining_time":15.82811118},
{"learn":[0.335230479],"iteration":119,"passed_time":2.149722303,"remaining_time":15.76463022},
{"learn":[0.3349313819],"iteration":120,"passed_time":2.164519321,"remaining_time":15.72407011},
{"learn":[0.3345454965],"iteration":121,"passed_time":2.182118838,"remaining_time":15.70410115},
{"learn":[0.3342120827],"iteration":122,"passed_time":2.195272081,"remaining_time":15.65246842},
{"learn":[0.3339675677],"iteration":123,"passed_time":2.208301145,"remaining_time":15.60057906},
{"learn":[0.3335596068],"iteration":124,"passed_time":2.22238331,"remaining_time":15.55668317},
{"learn":[0.3333124735],"iteration":125,"passed_time":2.237908458,"remaining_time":15.52326978},
{"learn":[0.3329568577],"iteration":126,"passed_time":2.252209545,"remaining_time":15.48172388},
{"learn":[0.332611443],"iteration":127,"passed_time":2.264999115,"remaining_time":15.43030647},
{"learn":[0.3321836621],"iteration":128,"passed_time":2.276771759,"remaining_time":15.37262172},
{"learn":[0.3318594222],"iteration":129,"passed_time":2.292006883,"remaining_time":15.33881529},
{"learn":[0.3315292554],"iteration":130,"passed_time":2.307039098,"remaining_time":15.30394639},
{"learn":[0.3305553756],"iteration":131,"passed_time":2.326423709,"remaining_time":15.29799833},
{"learn":[0.3299122921],"iteration":132,"passed_time":2.342298249,"remaining_time":15.26896678},
{"learn":[0.3296967389],"iteration":133,"passed_time":2.35663169,"remaining_time":15.23017197},
{"learn":[0.3292622865],"iteration":134,"passed_time":2.369059764,"remaining_time":15.17953108},
{"learn":[0.3286252262],"iteration":135,"passed_time":2.381970363,"remaining_time":15.1325176},
{"learn":[0.3282658998],"iteration":136,"passed_time":2.393331793,"remaining_time":15.07624334},
{"learn":[0.3279342033],"iteration":137,"passed_time":2.405782193,"remaining_time":15.0274221},
{"learn":[0.3276130543],"iteration":138,"passed_time":2.420052407,"remaining_time":14.99039657},
{"learn":[0.3267626546],"iteration":139,"passed_time":2.43400979,"remaining_time":14.95177443},
{"learn":[0.3261253212],"iteration":140,"passed_time":2.448042747,"remaining_time":14.91396255},
{"learn":[0.3257921523],"iteration":141,"passed_time":2.463416411,"remaining_time":14.88458648},
{"learn":[0.3255626154],"iteration":142,"passed_time":2.47682581,"remaining_time":14.8436344},
{"learn":[0.3250113819],"iteration":143,"passed_time":2.491642787,"remaining_time":14.81143212},
{"learn":[0.3247451823],"iteration":144,"passed_time":2.504773865,"remaining_time":14.76952865},
{"learn":[0.3245060362],"iteration":145,"passed_time":2.518074512,"remaining_time":14.72901119},
{"learn":[0.3240233781],"iteration":146,"passed_time":2.530696142,"remaining_time":14.68492387},
{"learn":[0.3237281398],"iteration":147,"passed_time":2.546806156,"remaining_time":14.66134355},
{"learn":[0.3235720577],"iteration":148,"passed_time":2.561489518,"remaining_time":14.6297153},
{"learn":[0.3232077771],"iteration":149,"passed_time":2.575387718,"remaining_time":14.59386373},
{"learn":[0.322569713],"iteration":150,"passed_time":2.589504333,"remaining_time":14.55953099},
{"learn":[0.3222646557],"iteration":151,"passed_time":2.604058355,"remaining_time":14.52790451},
{"learn":[0.3219176756],"iteration":152,"passed_time":2.61920752,"remaining_time":14.49979588},
{"learn":[0.3216088442],"iteration":153,"passed_time":2.632844217,"remaining_time":14.4635468},
{"learn":[0.3213156552],"iteration":154,"passed_time":2.645557897,"remaining_time":14.42255757},
{"learn":[0.3210160824],"iteration":155,"passed_time":2.662140135,"remaining_time":14.40286073},
{"learn":[0.3207534806],"iteration":156,"passed_time":2.680521899,"remaining_time":14.39286599},
{"learn":[0.3204548749],"iteration":157,"passed_time":2.705770516,"remaining_time":14.41935933},
{"learn":[0.3202375918],"iteration":158,"passed_time":2.718499969,"remaining_time":14.37898411},
{"learn":[0.3200296113],"iteration":159,"passed_time":2.730640356,"remaining_time":14.33586187},
{"learn":[0.3196853555],"iteration":160,"passed_time":2.743080444,"remaining_time":14.29468629},
{"learn":[0.3194627284],"iteration":161,"passed_time":2.756973931,"remaining_time":14.26138367},
{"learn":[0.3191784971],"iteration":162,"passed_time":2.77071308,"remaining_time":14.22752668},
{"learn":[0.3188943102],"iteration":163,"passed_time":2.784277084,"remaining_time":14.19302221},
{"learn":[0.3187281443],"iteration":164,"passed_time":2.797405373,"remaining_time":14.15656659},
{"learn":[0.3184230405],"iteration":165,"passed_time":2.813339794,"remaining_time":14.13449029},
{"learn":[0.3181416893],"iteration":166,"passed_time":2.826215933,"remaining_time":14.09723277},
{"learn":[0.3176257162],"iteration":167,"passed_time":2.837923635,"remaining_time":14.05447896},
{"learn":[0.3171986477],"iteration":168,"passed_time":2.852260207,"remaining_time":14.02501913},
{"learn":[0.3169311584],"iteration":169,"passed_time":2.866525512,"remaining_time":13.99538927},
{"learn":[0.3164486837],"iteration":170,"passed_time":2.877629103,"remaining_time":13.95061127},
{"learn":[0.3162247622],"iteration":171,"passed_time":2.889121793,"remaining_time":13.90809793},
{"learn":[0.3159264664],"iteration":172,"passed_time":2.90203598,"remaining_time":13.87273847},
{"learn":[0.3157512488],"iteration":173,"passed_time":2.914333558,"remaining_time":13.83470988},
{"learn":[0.3154555714],"iteration":174,"passed_time":2.925837785,"remaining_time":13.79323527},
{"learn":[0.3152546032],"iteration":175,"passed_time":2.936737102,"remaining_time":13.74926916},
{"learn":[0.3150673085],"iteration":176,"passed_time":2.948305556,"remaining_time":13.70878798},
{"learn":[0.3145518264],"iteration":177,"passed_time":2.960179349,"remaining_time":13.67004171},
{"learn":[0.3142688918],"iteration":178,"passed_time":2.971704138,"remaining_time":13.62999496},
{"learn":[0.3139000404],"iteration":179,"passed_time":2.984119347,"remaining_time":13.59432147},
{"learn":[0.3136678405],"iteration":180,"passed_time":2.995753487,"remaining_time":13.55537075},
{"learn":[0.31343363],"iteration":181,"passed_time":3.006627257,"remaining_time":13.51330273},
{"learn":[0.3131183165],"iteration":182,"passed_time":3.018060654,"remaining_time":13.47407407},
{"learn":[0.3127633601],"iteration":183,"passed_time":3.030229295,"remaining_time":13.43840818},
{"learn":[0.3125845955],"iteration":184,"passed_time":3.042386514,"remaining_time":13.402946},
{"learn":[0.3123181769],"iteration":185,"passed_time":3.053695833,"remaining_time":13.3640237},
{"learn":[0.3119836364],"iteration":186,"passed_time":3.065931088,"remaining_time":13.32942232},
{"learn":[0.311746883],"iteration":187,"passed_time":3.077838583,"remaining_time":13.29364324},
{"learn":[0.3115396882],"iteration":188,"passed_time":3.089526593,"remaining_time":13.25717496},
{"learn":[0.3111477646],"iteration":189,"passed_time":3.100890788,"remaining_time":13.21958704},
{"learn":[0.310853686],"iteration":190,"passed_time":3.112557312,"remaining_time":13.18355427},
{"learn":[0.3105764854],"iteration":191,"passed_time":3.123983558,"remaining_time":13.14676414},
{"learn":[0.3103408002],"iteration":192,"passed_time":3.135217559,"remaining_time":13.10943301},
{"learn":[0.3100938906],"iteration":193,"passed_time":3.15183367,"remaining_time":13.09473164},
{"learn":[0.3097537304],"iteration":194,"passed_time":3.167104204,"remaining_time":13.07445582},
{"learn":[0.3095297342],"iteration":195,"passed_time":3.183992957,"remaining_time":13.06086907},
{"learn":[0.3092197607],"iteration":196,"passed_time":3.201971547,"remaining_time":13.05169113},
{"learn":[0.3090475186],"iteration":197,"passed_time":3.216845923,"remaining_time":13.02985066},
{"learn":[0.3087611007],"iteration":198,"passed_time":3.2332822,"remaining_time":13.01436704},
{"learn":[0.3085617527],"iteration":199,"passed_time":3.248381367,"remaining_time":12.99352547},
{"learn":[0.3081283423],"iteration":200,"passed_time":3.26274347,"remaining_time":12.96981111},
{"learn":[0.3078996336],"iteration":201,"passed_time":3.275249042,"remaining_time":12.93885512},
{"learn":[0.3075918229],"iteration":202,"passed_time":3.288793659,"remaining_time":12.91216033},
{"learn":[0.3073085635],"iteration":203,"passed_time":3.301611198,"remaining_time":12.88275742},
{"learn":[0.3071921014],"iteration":204,"passed_time":3.315069037,"remaining_time":12.85599943},
{"learn":[0.3069165717],"iteration":205,"passed_time":3.329953,"remaining_time":12.83486739},
{"learn":[0.3065747155],"iteration":206,"passed_time":3.343408387,"remaining_time":12.80832295},
{"learn":[0.3064002095],"iteration":207,"passed_time":3.355322866,"remaining_time":12.77603707},
{"learn":[0.3061800457],"iteration":208,"passed_time":3.367413231,"remaining_time":12.7446118},
{"learn":[0.3057813548],"iteration":209,"passed_time":3.379687011,"remaining_time":12.71406066},
{"learn":[0.3052559838],"iteration":210,"passed_time":3.391288353,"remaining_time":12.6811683},
{"learn":[0.3050486799],"iteration":211,"passed_time":3.403774297,"remaining_time":12.65176484},
{"learn":[0.3049085649],"iteration":212,"passed_time":3.415035463,"remaining_time":12.61799488},
{"learn":[0.3046492542],"iteration":213,"passed_time":3.427183935,"remaining_time":12.58769426},
{"learn":[0.3044970894],"iteration":214,"passed_time":3.446323448,"remaining_time":12.58308794},
{"learn":[0.3043197591],"iteration":215,"passed_time":3.461984363,"remaining_time":12.56572102},
{"learn":[0.3040606806],"iteration":216,"passed_time":3.480483164,"remaining_time":12.55860976},
{"learn":[0.3037691084],"iteration":217,"passed_time":3.504970106,"remaining_time":12.57287442},
{"learn":[0.3035792192],"iteration":218,"passed_time":3.529897616,"remaining_time":12.58835634},
{"learn":[0.3033549742],"iteration":219,"passed_time":3.561474333,"remaining_time":12.62704536},
{"learn":[0.30280708],"iteration":220,"passed_time":3.587594749,"remaining_time":12.64586566},
{"learn":[0.302573714],"iteration":221,"passed_time":3.61361597,"remaining_time":12.66393344},
{"learn":[0.3021768745],"iteration":222,"passed_time":3.637908542,"remaining_time":12.67558268},
{"learn":[0.3018353287],"iteration":223,"passed_time":3.660392653,"remaining_time":12.68064598},
{"learn":[0.3016160429],"iteration":224,"passed_time":3.686177008,"remaining_time":12.69683192},
{"learn":[0.3014324797],"iteration":225,"passed_time":3.702464087,"remaining_time":12.68012037},
{"learn":[0.3010093538],"iteration":226,"passed_time":3.721797826,"remaining_time":12.67378731},
{"learn":[0.3008519906],"iteration":227,"passed_time":3.738023135,"remaining_time":12.65681518},
{"learn":[0.3006442252],"iteration":228,"passed_time":3.760565605,"remaining_time":12.66111826},
{"learn":[0.3004524759],"iteration":229,"passed_time":3.780727231,"remaining_time":12.65721725},
{"learn":[0.3002271464],"iteration":230,"passed_time":3.795851573,"remaining_time":12.63640632},
{"learn":[0.3000607239],"iteration":231,"passed_time":3.821540416,"remaining_time":12.65061655},
{"learn":[0.2998414576],"iteration":232,"passed_time":3.840383429,"remaining_time":12.64194888},
{"learn":[0.2996984146],"iteration":233,"passed_time":3.860920019,"remaining_time":12.63873818},
{"learn":[0.2994951133],"iteration":234,"passed_time":3.889242636,"remaining_time":12.66072603},
{"learn":[0.2992769832],"iteration":235,"passed_time":3.908415716,"remaining_time":12.65266783},
{"learn":[0.2991229289],"iteration":236,"passed_time":3.927930826,"remaining_time":12.64561696},
{"learn":[0.2988242946],"iteration":237,"passed_time":3.956185713,"remaining_time":12.66644333},
{"learn":[0.2985507201],"iteration":238,"passed_time":3.977534162,"remaining_time":12.66486819},
{"learn":[0.298408917],"iteration":239,"passed_time":4.005504828,"remaining_time":12.68409862},
{"learn":[0.298188154],"iteration":240,"passed_time":4.025411655,"remaining_time":12.67754127},
{"learn":[0.2979827213],"iteration":241,"passed_time":4.04843948,"remaining_time":12.68064928},
{"learn":[0.2977826399],"iteration":242,"passed_time":4.070268835,"remaining_time":12.67980868},
{"learn":[0.2975518094],"iteration":243,"passed_time":4.085327703,"remaining_time":12.65781862},
{"learn":[0.2973121531],"iteration":244,"passed_time":4.107948847,"remaining_time":12.6591893},
{"learn":[0.2969313865],"iteration":245,"passed_time":4.130937628,"remaining_time":12.66149175},
{"learn":[0.2966576607],"iteration":246,"passed_time":4.145833465,"remaining_time":12.63891741},
{"learn":[0.2964407514],"iteration":247,"passed_time":4.162383082,"remaining_time":12.62141967},
{"learn":[0.2961340817],"iteration":248,"passed_time":4.182963961,"remaining_time":12.61608809},
{"learn":[0.2955598651],"iteration":249,"passed_time":4.210505602,"remaining_time":12.63151681},
{"learn":[0.2953790071],"iteration":250,"passed_time":4.240135094,"remaining_time":12.65283341},
{"learn":[0.2951853258],"iteration":251,"passed_time":4.267994813,"remaining_time":12.66849254},
{"learn":[0.2949916897],"iteration":252,"passed_time":4.283783925,"remaining_time":12.64816835},
{"learn":[0.294801502],"iteration":253,"passed_time":4.298501748,"remaining_time":12.62473348},
{"learn":[0.2946541996],"iteration":254,"passed_time":4.318220942,"remaining_time":12.61597883},
{"learn":[0.2944633045],"iteration":255,"passed_time":4.337450073,"remaining_time":12.60571428},
{"learn":[0.2942227209],"iteration":256,"passed_time":4.35879412,"remaining_time":12.60149428},
{"learn":[0.2940326241],"iteration":257,"passed_time":4.38125363,"remaining_time":12.60034959},
{"learn":[0.2938286683],"iteration":258,"passed_time":4.402704424,"remaining_time":12.59615436},
{"learn":[0.2937065607],"iteration":259,"passed_time":4.41999035,"remaining_time":12.57997254},
{"learn":[0.2934314393],"iteration":260,"passed_time":4.437915999,"remaining_time":12.56559358},
{"learn":[0.2931712012],"iteration":261,"passed_time":4.455361419,"remaining_time":12.54983484},
{"learn":[0.2928667092],"iteration":262,"passed_time":4.475298153,"remaining_time":12.54104463},
{"learn":[0.2925164288],"iteration":263,"passed_time":4.498643331,"remaining_time":12.54167232},
{"learn":[0.2922956892],"iteration":264,"passed_time":4.516936391,"remaining_time":12.52810659},
{"learn":[0.2921101906],"iteration":265,"passed_time":4.531835263,"remaining_time":12.50513941},
{"learn":[0.2919110164],"iteration":266,"passed_time":4.549460748,"remaining_time":12.48971808},
{"learn":[0.291687231],"iteration":267,"passed_time":4.569205916,"remaining_time":12.48006989},
{"learn":[0.2914387445],"iteration":268,"passed_time":4.617693892,"remaining_time":12.54845441},
{"learn":[0.2909522288],"iteration":269,"passed_time":4.645132168,"remaining_time":12.55906105},
{"learn":[0.2907204875],"iteration":270,"passed_time":4.669595533,"remaining_time":12.56138429},
{"learn":[0.2905024929],"iteration":271,"passed_time":4.703628472,"remaining_time":12.58912326},
{"learn":[0.2903843359],"iteration":272,"passed_time":4.725366983,"remaining_time":12.58366959},
{"learn":[0.2900949992],"iteration":273,"passed_time":4.754520995,"remaining_time":12.59774541},
{"learn":[0.2897928389],"iteration":274,"passed_time":4.78022647,"remaining_time":12.60241524},
{"learn":[0.2896040385],"iteration":275,"passed_time":4.797938975,"remaining_time":12.58589789},
{"learn":[0.2893350336],"iteration":276,"passed_time":4.8176129,"remaining_time":12.57449143},
{"learn":[0.2890932034],"iteration":277,"passed_time":4.842791748,"remaining_time":12.57732245},
{"learn":[0.2888837508],"iteration":278,"passed_time":4.863282968,"remaining_time":12.56783878},
{"learn":[0.2886951256],"iteration":279,"passed_time":4.878251088,"remaining_time":12.54407423},
{"learn":[0.2885135701],"iteration":280,"passed_time":4.895064327,"remaining_time":12.52509342},
{"learn":[0.2883270491],"iteration":281,"passed_time":4.911922871,"remaining_time":12.50624334},
{"learn":[0.2881386716],"iteration":282,"passed_time":4.928872626,"remaining_time":12.48763842},
{"learn":[0.2879376347],"iteration":283,"passed_time":4.942081896,"remaining_time":12.45961492},
{"learn":[0.2878067191],"iteration":284,"passed_time":4.960508174,"remaining_time":12.44478367},
{"learn":[0.2876165717],"iteration":285,"passed_time":4.977730465,"remaining_time":12.42692151},
{"learn":[0.2873680629],"iteration":286,"passed_time":4.992868475,"remaining_time":12.40388579},
{"learn":[0.2872525947],"iteration":287,"passed_time":5.014493118,"remaining_time":12.39694132},
{"learn":[0.2870693641],"iteration":288,"passed_time":5.030036365,"remaining_time":12.37493376},
{"learn":[0.2868681645],"iteration":289,"passed_time":5.044953668,"remaining_time":12.35143829},
{"learn":[0.2867146826],"iteration":290,"passed_time":5.062056067,"remaining_time":12.33332561},
{"learn":[0.2865909303],"iteration":291,"passed_time":5.077456308,"remaining_time":12.31109269},
{"learn":[0.2863443677],"iteration":292,"passed_time":5.097880336,"remaining_time":12.30102866},
{"learn":[0.2862035776],"iteration":293,"passed_time":5.115668103,"remaining_time":12.28456354},
{"learn":[0.2860839982],"iteration":294,"passed_time":5.132029896,"remaining_time":12.26468162},
{"learn":[0.2857425388],"iteration":295,"passed_time":5.153840283,"remaining_time":12.25778229},
{"learn":[0.2855188423],"iteration":296,"passed_time":5.173988875,"remaining_time":12.24684909},
{"learn":[0.2853336784],"iteration":297,"passed_time":5.189106834,"remaining_time":12.22400335},
{"learn":[0.2851469312],"iteration":298,"passed_time":5.215941552,"remaining_time":12.22867902},
{"learn":[0.2850057305],"iteration":299,"passed_time":5.232282567,"remaining_time":12.20865932},
{"learn":[0.2848888371],"iteration":300,"passed_time":5.250976986,"remaining_time":12.19412928},
{"learn":[0.2846793317],"iteration":301,"passed_time":5.268293227,"remaining_time":12.17638633},
{"learn":[0.2844732169],"iteration":302,"passed_time":5.28539536,"remaining_time":12.15815368},
{"learn":[0.2842547149],"iteration":303,"passed_time":5.303076917,"remaining_time":12.14125505},
{"learn":[0.2840572566],"iteration":304,"passed_time":5.323160301,"remaining_time":12.12982429},
{"learn":[0.2838673251],"iteration":305,"passed_time":5.339190164,"remaining_time":12.1091437},
{"learn":[0.2836931837],"iteration":306,"passed_time":5.359698831,"remaining_time":12.09860355},
{"learn":[0.2835290396],"iteration":307,"passed_time":5.377546504,"remaining_time":12.08202007},
{"learn":[0.2833091091],"iteration":308,"passed_time":5.404157877,"remaining_time":12.08502619},
{"learn":[0.2831314673],"iteration":309,"passed_time":5.432279676,"remaining_time":12.09120315},
{"learn":[0.2828976755],"iteration":310,"passed_time":5.459055111,"remaining_time":12.09417676},
{"learn":[0.2827028217],"iteration":311,"passed_time":5.476829668,"remaining_time":12.07711158},
{"learn":[0.2825230295],"iteration":312,"passed_time":5.502870656,"remaining_time":12.07818575},
{"learn":[0.2823605876],"iteration":313,"passed_time":5.525021561,"remaining_time":12.07058851},
{"learn":[0.2821939118],"iteration":314,"passed_time":5.546875287,"remaining_time":12.06225261},
{"learn":[0.281940321],"iteration":315,"passed_time":5.576568142,"remaining_time":12.0707994},
{"learn":[0.2817315942],"iteration":316,"passed_time":5.599902295,"remaining_time":12.06540463},
{"learn":[0.2815355015],"iteration":317,"passed_time":5.6430086,"remaining_time":12.10230146},
{"learn":[0.2813170702],"iteration":318,"passed_time":5.678929983,"remaining_time":12.12335837},
{"learn":[0.2810689468],"iteration":319,"passed_time":5.712667954,"remaining_time":12.1394194},
{"learn":[0.2809196846],"iteration":320,"passed_time":5.75791996,"remaining_time":12.1795254},
{"learn":[0.2806791645],"iteration":321,"passed_time":5.794044056,"remaining_time":12.19988158},
{"learn":[0.280548823],"iteration":322,"passed_time":5.830291733,"remaining_time":12.22014707},
{"learn":[0.2804237968],"iteration":323,"passed_time":5.856457231,"remaining_time":12.21902805},
{"learn":[0.2802118269],"iteration":324,"passed_time":5.880684892,"remaining_time":12.21373016},
{"learn":[0.2800950266],"iteration":325,"passed_time":5.906312633,"remaining_time":12.21121078},
{"learn":[0.2799819412],"iteration":326,"passed_time":5.94232984,"remaining_time":12.22993267},
{"learn":[0.2798101995],"iteration":327,"passed_time":5.976010277,"remaining_time":12.24353325},
{"learn":[0.2796822912],"iteration":328,"passed_time":6.009556982,"remaining_time":12.25657366},
{"learn":[0.279560682],"iteration":329,"passed_time":6.032906145,"remaining_time":12.24862763},
{"learn":[0.2793634706],"iteration":330,"passed_time":6.061359363,"remaining_time":12.25090457},
{"learn":[0.2791817428],"iteration":331,"passed_time":6.086146006,"remaining_time":12.24561907},
{"learn":[0.2789305333],"iteration":332,"passed_time":6.113176984,"remaining_time":12.24471186},
{"learn":[0.2787803333],"iteration":333,"passed_time":6.142172904,"remaining_time":12.24756633},
{"learn":[0.2786622156],"iteration":334,"passed_time":6.163874979,"remaining_time":12.23575182},
{"learn":[0.278381571],"iteration":335,"passed_time":6.18776869,"remaining_time":12.22820955},
{"learn":[0.278223616],"iteration":336,"passed_time":6.21494703,"remaining_time":12.22703229},
{"learn":[0.278097043],"iteration":337,"passed_time":6.237830893,"remaining_time":12.21729009},
{"learn":[0.2779900091],"iteration":338,"passed_time":6.257489468,"remaining_time":12.20118153},
{"learn":[0.2778183232],"iteration":339,"passed_time":6.280245845,"remaining_time":12.19106546},
{"learn":[0.277710816],"iteration":340,"passed_time":6.30424787,"remaining_time":12.18328254},
{"learn":[0.277573928],"iteration":341,"passed_time":6.328102149,"remaining_time":12.17512051},
{"learn":[0.2774092412],"iteration":342,"passed_time":6.353217653,"remaining_time":12.16928279},
{"learn":[0.2772376179],"iteration":343,"passed_time":6.381643586,"remaining_time":12.16964591},
{"learn":[0.2770089684],"iteration":344,"passed_time":6.404922562,"remaining_time":12.16007037},
{"learn":[0.2769259334],"iteration":345,"passed_time":6.431870393,"remaining_time":12.1573504},
{"learn":[0.2766845681],"iteration":346,"passed_time":6.453461661,"remaining_time":12.14441056},
{"learn":[0.2765147303],"iteration":347,"passed_time":6.469280174,"remaining_time":12.12060538},
{"learn":[0.2763381431],"iteration":348,"passed_time":6.487869664,"remaining_time":12.10201476},
{"learn":[0.2761306273],"iteration":349,"passed_time":6.504640575,"remaining_time":12.08004678},
{"learn":[0.2759494982],"iteration":350,"passed_time":6.522585092,"remaining_time":12.06027842},
{"learn":[0.2758323636],"iteration":351,"passed_time":6.537638899,"remaining_time":12.03519888},
{"learn":[0.2756390581],"iteration":352,"passed_time":6.551530999,"remaining_time":12.0080469},
{"learn":[0.2754399932],"iteration":353,"passed_time":6.568622661,"remaining_time":11.98680858},
{"learn":[0.2752357675],"iteration":354,"passed_time":6.587968897,"remaining_time":11.96968997},
{"learn":[0.2750302685],"iteration":355,"passed_time":6.603178781,"remaining_time":11.94507622},
{"learn":[0.2748115949],"iteration":356,"passed_time":6.619018071,"remaining_time":11.9216488},
{"learn":[0.2746364093],"iteration":357,"passed_time":6.636803522,"remaining_time":11.9017538},
{"learn":[0.274535736],"iteration":358,"passed_time":6.653955637,"remaining_time":11.88073973},
{"learn":[0.2744347706],"iteration":359,"passed_time":6.680305472,"remaining_time":11.87609862},
{"learn":[0.2743006381],"iteration":360,"passed_time":6.704408853,"remaining_time":11.86736082},
{"learn":[0.2740283768],"iteration":361,"passed_time":6.726718774,"remaining_time":11.85537729},
{"learn":[0.2739217878],"iteration":362,"passed_time":6.746466142,"remaining_time":11.83884004},
{"learn":[0.2737059942],"iteration":363,"passed_time":6.766026497,"remaining_time":11.82195838},
{"learn":[0.2735031245],"iteration":364,"passed_time":6.788836153,"remaining_time":11.81071495},
{"learn":[0.2732539931],"iteration":365,"passed_time":6.810962596,"remaining_time":11.79822483},
{"learn":[0.2730394998],"iteration":366,"passed_time":6.833231464,"remaining_time":11.78592784},
{"learn":[0.2728831403],"iteration":367,"passed_time":6.853403039,"remaining_time":11.76997478},
{"learn":[0.2727214207],"iteration":368,"passed_time":6.876085401,"remaining_time":11.75829238},
{"learn":[0.2725513637],"iteration":369,"passed_time":6.896045847,"remaining_time":11.7419159},
{"learn":[0.2724067329],"iteration":370,"passed_time":6.917673043,"remaining_time":11.72834594},
{"learn":[0.2722948538],"iteration":371,"passed_time":6.932953909,"remaining_time":11.70401896},
{"learn":[0.2721559201],"iteration":372,"passed_time":6.952198738,"remaining_time":11.68640378},
{"learn":[0.2720234607],"iteration":373,"passed_time":6.971594212,"remaining_time":11.66903202},
{"learn":[0.2718783267],"iteration":374,"passed_time":6.994352228,"remaining_time":11.65725371},
{"learn":[0.271665082],"iteration":375,"passed_time":7.013026005,"remaining_time":11.6386389},
{"learn":[0.2715084188],"iteration":376,"passed_time":7.037014824,"remaining_time":11.62880699},
{"learn":[0.2713216239],"iteration":377,"passed_time":7.050531629,"remaining_time":11.60166845},
{"learn":[0.2711701986],"iteration":378,"passed_time":7.066012835,"remaining_time":11.5778205},
{"learn":[0.2710816735],"iteration":379,"passed_time":7.084297574,"remaining_time":11.55859078},
{"learn":[0.27092237],"iteration":380,"passed_time":7.100096886,"remaining_time":11.53532801},
{"learn":[0.2707002956],"iteration":381,"passed_time":7.117808869,"remaining_time":11.51519864},
{"learn":[0.2705371885],"iteration":382,"passed_time":7.134897399,"remaining_time":11.49407753},
{"learn":[0.2702664639],"iteration":383,"passed_time":7.154195392,"remaining_time":11.47652177},
{"learn":[0.2700901061],"iteration":384,"passed_time":7.172283845,"remaining_time":11.45702484},
{"learn":[0.2698926021],"iteration":385,"passed_time":7.194794167,"remaining_time":11.44456896},
{"learn":[0.2696473773],"iteration":386,"passed_time":7.209617601,"remaining_time":11.41988524},
{"learn":[0.2695080201],"iteration":387,"passed_time":7.230108358,"remaining_time":11.40419153},
{"learn":[0.2693854027],"iteration":388,"passed_time":7.249421204,"remaining_time":11.38662302},
{"learn":[0.2692159866],"iteration":389,"passed_time":7.264337788,"remaining_time":11.36216936},
{"learn":[0.2690804103],"iteration":390,"passed_time":7.277848302,"remaining_time":11.33557447},
{"learn":[0.2688630313],"iteration":391,"passed_time":7.294228055,"remaining_time":11.31349657},
{"learn":[0.2686686484],"iteration":392,"passed_time":7.310154787,"remaining_time":11.29074798},
{"learn":[0.2684978838],"iteration":393,"passed_time":7.325906722,"remaining_time":11.26776516},
{"learn":[0.2682551161],"iteration":394,"passed_time":7.344921132,"remaining_time":11.24981591},
{"learn":[0.2681079193],"iteration":395,"passed_time":7.367284818,"remaining_time":11.23696977},
{"learn":[0.2680205392],"iteration":396,"passed_time":7.384253687,"remaining_time":11.21588155},
{"learn":[0.2678920204],"iteration":397,"passed_time":7.407266382,"remaining_time":11.20395568},
{"learn":[0.2677667395],"iteration":398,"passed_time":7.423610302,"remaining_time":11.1819293},
{"learn":[0.2676163687],"iteration":399,"passed_time":7.43712565,"remaining_time":11.15568847},
{"learn":[0.267402324],"iteration":400,"passed_time":7.452078297,"remaining_time":11.13165811},
{"learn":[0.2671601612],"iteration":401,"passed_time":7.468617302,"remaining_time":11.1100327},
{"learn":[0.2670029188],"iteration":402,"passed_time":7.483974334,"remaining_time":11.08668158},
{"learn":[0.2668738271],"iteration":403,"passed_time":7.500345463,"remaining_time":11.06486608},
{"learn":[0.2666591521],"iteration":404,"passed_time":7.51329414,"remaining_time":11.03804942},
{"learn":[0.266431498],"iteration":405,"passed_time":7.529415042,"remaining_time":11.0159422},
{"learn":[0.2662792637],"iteration":406,"passed_time":7.542479441,"remaining_time":10.98941108},
{"learn":[0.2661818329],"iteration":407,"passed_time":7.558610574,"remaining_time":10.96739574},
{"learn":[0.2659851533],"iteration":408,"passed_time":7.586954969,"remaining_time":10.96305718},
{"learn":[0.2657519202],"iteration":409,"passed_time":7.60579151,"remaining_time":10.94491949},
{"learn":[0.2656007286],"iteration":410,"passed_time":7.625103924,"remaining_time":10.92746037},
{"learn":[0.265453672],"iteration":411,"passed_time":7.649069106,"remaining_time":10.91663261},
{"learn":[0.2652502037],"iteration":412,"passed_time":7.666677296,"remaining_time":10.89670599},
{"learn":[0.2650945533],"iteration":413,"passed_time":7.690545299,"remaining_time":10.88565107},
{"learn":[0.2649832408],"iteration":414,"passed_time":7.708635681,"remaining_time":10.86639006},
{"learn":[0.2648019122],"iteration":415,"passed_time":7.726644913,"remaining_time":10.84702074},
{"learn":[0.2645992785],"iteration":416,"passed_time":7.741294337,"remaining_time":10.82296067},
{"learn":[0.2645231831],"iteration":417,"passed_time":7.755948906,"remaining_time":10.79895278},
{"learn":[0.2644340597],"iteration":418,"passed_time":7.770586421,"remaining_time":10.7749659},
{"learn":[0.2643247556],"iteration":419,"passed_time":7.787949147,"remaining_time":10.75478692},
{"learn":[0.2641224531],"iteration":420,"passed_time":7.810142401,"remaining_time":10.74126473},
{"learn":[0.2639725509],"iteration":421,"passed_time":7.83225862,"remaining_time":10.72759593},
{"learn":[0.2638249274],"iteration":422,"passed_time":7.858280705,"remaining_time":10.71921505},
{"learn":[0.2636406492],"iteration":423,"passed_time":7.878230137,"remaining_time":10.70250132},
{"learn":[0.2634731862],"iteration":424,"passed_time":7.900464982,"remaining_time":10.68886439},
{"learn":[0.2632684064],"iteration":425,"passed_time":7.920443132,"remaining_time":10.67214638},
{"learn":[0.2630998024],"iteration":426,"passed_time":7.939966066,"remaining_time":10.65480224},
{"learn":[0.2628865279],"iteration":427,"passed_time":7.959663508,"remaining_time":10.63768114},
{"learn":[0.2627104498],"iteration":428,"passed_time":7.973428379,"remaining_time":10.61265176},
{"learn":[0.2625956185],"iteration":429,"passed_time":7.988585703,"remaining_time":10.58952058},
{"learn":[0.2624058064],"iteration":430,"passed_time":8.004519481,"remaining_time":10.56745147},
{"learn":[0.2622964932],"iteration":431,"passed_time":8.019618055,"remaining_time":10.54431263},
{"learn":[0.2621615602],"iteration":432,"passed_time":8.035468345,"remaining_time":10.52219527},
{"learn":[0.2619103977],"iteration":433,"passed_time":8.054383977,"remaining_time":10.50410445},
{"learn":[0.2617575677],"iteration":434,"passed_time":8.072446382,"remaining_time":10.48490162},
{"learn":[0.2616342228],"iteration":435,"passed_time":8.087862475,"remaining_time":10.46228082},
{"learn":[0.2614747981],"iteration":436,"passed_time":8.106777012,"remaining_time":10.44420013},
{"learn":[0.2612564628],"iteration":437,"passed_time":8.121732097,"remaining_time":10.42103525},
{"learn":[0.261137335],"iteration":438,"passed_time":8.140237572,"remaining_time":10.40244482},
{"learn":[0.2610035729],"iteration":439,"passed_time":8.158748212,"remaining_time":10.38386136},
{"learn":[0.2608584122],"iteration":440,"passed_time":8.177200886,"remaining_time":10.36520475},
{"learn":[0.2607596458],"iteration":441,"passed_time":8.192504363,"remaining_time":10.34257338},
{"learn":[0.260618569],"iteration":442,"passed_time":8.210482612,"remaining_time":10.32333818},
{"learn":[0.2603998974],"iteration":443,"passed_time":8.236990071,"remaining_time":10.31478937},
{"learn":[0.2602310755],"iteration":444,"passed_time":8.252794122,"remaining_time":10.29281065},
{"learn":[0.2600249019],"iteration":445,"passed_time":8.269337689,"remaining_time":10.27177821},
{"learn":[0.2598033648],"iteration":446,"passed_time":8.283788084,"remaining_time":10.24817631},
{"learn":[0.2597366767],"iteration":447,"passed_time":8.296293173,"remaining_time":10.22221837},
{"learn":[0.259576234],"iteration":448,"passed_time":8.309032551,"remaining_time":10.19660787},
{"learn":[0.2594290604],"iteration":449,"passed_time":8.324630749,"remaining_time":10.17454869},
{"learn":[0.259226738],"iteration":450,"passed_time":8.339367063,"remaining_time":10.151469},
{"learn":[0.2590358945],"iteration":451,"passed_time":8.352009536,"remaining_time":10.12588767},
{"learn":[0.258873769],"iteration":452,"passed_time":8.36729425,"remaining_time":10.10355398},
{"learn":[0.2587132055],"iteration":453,"passed_time":8.386523583,"remaining_time":10.08599532},
{"learn":[0.2585225572],"iteration":454,"passed_time":8.402295707,"remaining_time":10.06428826},
{"learn":[0.2583274338],"iteration":455,"passed_time":8.418018913,"remaining_time":10.04254888},
{"learn":[0.2581656365],"iteration":456,"passed_time":8.433240631,"remaining_time":10.02023996},
{"learn":[0.2580595361],"iteration":457,"passed_time":8.448683788,"remaining_time":9.998224046},
{"learn":[0.2578761853],"iteration":458,"passed_time":8.463988396,"remaining_time":9.976073468},
{"learn":[0.2577633252],"iteration":459,"passed_time":8.479668308,"remaining_time":9.954393232},
{"learn":[0.257612481],"iteration":460,"passed_time":8.496778406,"remaining_time":9.934411194},
{"learn":[0.2574908479],"iteration":461,"passed_time":8.513001483,"remaining_time":9.913408653},
{"learn":[0.2573616852],"iteration":462,"passed_time":8.531189443,"remaining_time":9.894705683},
{"learn":[0.2572658642],"iteration":463,"passed_time":8.547348409,"remaining_time":9.873661093},
{"learn":[0.2571105126],"iteration":464,"passed_time":8.564637602,"remaining_time":9.853937886},
{"learn":[0.2569355096],"iteration":465,"passed_time":8.579484562,"remaining_time":9.831426515},
{"learn":[0.2568370447],"iteration":466,"passed_time":8.601133666,"remaining_time":9.816711443},
{"learn":[0.2566168256],"iteration":467,"passed_time":8.618557464,"remaining_time":9.797163613},
{"learn":[0.2565512366],"iteration":468,"passed_time":8.63283019,"remaining_time":9.774057209},
{"learn":[0.2564115981],"iteration":469,"passed_time":8.648096544,"remaining_time":9.752108869},
{"learn":[0.256279847],"iteration":470,"passed_time":8.66579919,"remaining_time":9.732925205},
{"learn":[0.256136301],"iteration":471,"passed_time":8.68050758,"remaining_time":9.71039831},
{"learn":[0.2560245178],"iteration":472,"passed_time":8.700921595,"remaining_time":9.694261481},
{"learn":[0.2559052853],"iteration":473,"passed_time":8.71324598,"remaining_time":9.669129506},
{"learn":[0.2556563887],"iteration":474,"passed_time":8.728507505,"remaining_time":9.647297769},
{"learn":[0.2555096316],"iteration":475,"passed_time":8.743279153,"remaining_time":9.624954362},
{"learn":[0.2553829506],"iteration":476,"passed_time":8.755165659,"remaining_time":9.599479328},
{"learn":[0.2552004959],"iteration":477,"passed_time":8.768622835,"remaining_time":9.575776401},
{"learn":[0.2550912486],"iteration":478,"passed_time":8.781839838,"remaining_time":9.551855022},
{"learn":[0.2548933975],"iteration":479,"passed_time":8.794087077,"remaining_time":9.526927667},
{"learn":[0.2546131553],"iteration":480,"passed_time":8.807769918,"remaining_time":9.503602053},
{"learn":[0.2543490903],"iteration":481,"passed_time":8.820350506,"remaining_time":9.479131871},
{"learn":[0.2541443712],"iteration":482,"passed_time":8.834720076,"remaining_time":9.456625837},
{"learn":[0.2539092309],"iteration":483,"passed_time":8.847107217,"remaining_time":9.432039926},
{"learn":[0.25368179],"iteration":484,"passed_time":8.858894769,"remaining_time":9.406867642},
{"learn":[0.2535637687],"iteration":485,"passed_time":8.8729699,"remaining_time":9.384169812},
{"learn":[0.2533989177],"iteration":486,"passed_time":8.886643631,"remaining_time":9.361084564},
{"learn":[0.2531222119],"iteration":487,"passed_time":8.901865278,"remaining_time":9.339661931},
{"learn":[0.25296294],"iteration":488,"passed_time":8.916160697,"remaining_time":9.317296761},
{"learn":[0.252724239],"iteration":489,"passed_time":8.930859434,"remaining_time":9.295384309},
{"learn":[0.2525792827],"iteration":490,"passed_time":8.945669231,"remaining_time":9.273616372},
{"learn":[0.2524349377],"iteration":491,"passed_time":8.966092285,"remaining_time":9.257672521},
{"learn":[0.2522181491],"iteration":492,"passed_time":8.983455639,"remaining_time":9.238563913},
{"learn":[0.2520747111],"iteration":493,"passed_time":8.999848099,"remaining_time":9.218467891},
{"learn":[0.2519565348],"iteration":494,"passed_time":9.011899239,"remaining_time":9.193957809},
{"learn":[0.2517711021],"iteration":495,"passed_time":9.029565651,"remaining_time":9.175203807},
{"learn":[0.2516296635],"iteration":496,"passed_time":9.047028718,"remaining_time":9.156248381},
{"learn":[0.2515213633],"iteration":497,"passed_time":9.07452403,"remaining_time":9.147411774},
{"learn":[0.2513567161],"iteration":498,"passed_time":9.095071675,"remaining_time":9.131524868},
{"learn":[0.2511892619],"iteration":499,"passed_time":9.113194539,"remaining_time":9.113194539},
{"learn":[0.2510315606],"iteration":500,"passed_time":9.1297451,"remaining_time":9.093299011},
{"learn":[0.2507642375],"iteration":501,"passed_time":9.144279546,"remaining_time":9.071416761},
{"learn":[0.2505153347],"iteration":502,"passed_time":9.156312315,"remaining_time":9.047091889},
{"learn":[0.25039792],"iteration":503,"passed_time":9.169679691,"remaining_time":9.02412922},
{"learn":[0.2501693134],"iteration":504,"passed_time":9.185761526,"remaining_time":9.003865258},
{"learn":[0.250005098],"iteration":505,"passed_time":9.206266173,"remaining_time":8.98793575},
{"learn":[0.249856279],"iteration":506,"passed_time":9.218183723,"remaining_time":8.963638215},
{"learn":[0.2497391655],"iteration":507,"passed_time":9.232760779,"remaining_time":8.941965164},
{"learn":[0.249488665],"iteration":508,"passed_time":9.250719652,"remaining_time":8.923582218},
{"learn":[0.2493238107],"iteration":509,"passed_time":9.272364243,"remaining_time":8.908742116},
{"learn":[0.2491800796],"iteration":510,"passed_time":9.284581102,"remaining_time":8.88485354},
{"learn":[0.2490720304],"iteration":511,"passed_time":9.296666045,"remaining_time":8.860884824},
{"learn":[0.2489373707],"iteration":512,"passed_time":9.308885286,"remaining_time":8.837089931},
{"learn":[0.2487762331],"iteration":513,"passed_time":9.320527923,"remaining_time":8.812794884},
{"learn":[0.248644502],"iteration":514,"passed_time":9.333395162,"remaining_time":8.78970224},
{"learn":[0.2485132291],"iteration":515,"passed_time":9.347288543,"remaining_time":8.767611734},
{"learn":[0.2484154322],"iteration":516,"passed_time":9.361579686,"remaining_time":8.745924542},
{"learn":[0.2482297619],"iteration":517,"passed_time":9.378496015,"remaining_time":8.726708648},
{"learn":[0.2481168805],"iteration":518,"passed_time":9.391620919,"remaining_time":8.703987788},
{"learn":[0.2479864354],"iteration":519,"passed_time":9.404028978,"remaining_time":8.680642133},
{"learn":[0.2477985172],"iteration":520,"passed_time":9.417273166,"remaining_time":8.658107191},
{"learn":[0.2476968287],"iteration":521,"passed_time":9.429530646,"remaining_time":8.634704308},
{"learn":[0.2475618514],"iteration":522,"passed_time":9.442250944,"remaining_time":8.611766157},
{"learn":[0.2473855805],"iteration":523,"passed_time":9.454516986,"remaining_time":8.588454362},
{"learn":[0.2472213597],"iteration":524,"passed_time":9.466291549,"remaining_time":8.564739973},
{"learn":[0.2469753697],"iteration":525,"passed_time":9.479330236,"remaining_time":8.542210137},
{"learn":[0.2468360449],"iteration":526,"passed_time":9.493570784,"remaining_time":8.52079503},
{"learn":[0.2466477946],"iteration":527,"passed_time":9.507649371,"remaining_time":8.499262316},
{"learn":[0.2465495],"iteration":528,"passed_time":9.524891079,"remaining_time":8.480574099},
{"learn":[0.2464362229],"iteration":529,"passed_time":9.546208951,"remaining_time":8.465506051},
{"learn":[0.2463451356],"iteration":530,"passed_time":9.561033033,"remaining_time":8.444678893},
{"learn":[0.2462484183],"iteration":531,"passed_time":9.576282146,"remaining_time":8.424248204},
{"learn":[0.2461325715],"iteration":532,"passed_time":9.590192331,"remaining_time":8.402663824},
{"learn":[0.2459619134],"iteration":533,"passed_time":9.604931016,"remaining_time":8.381831186},
{"learn":[0.2457857359],"iteration":534,"passed_time":9.618818147,"remaining_time":8.360281193},
{"learn":[0.2457099093],"iteration":535,"passed_time":9.633988772,"remaining_time":8.339870877},
{"learn":[0.2456430152],"iteration":536,"passed_time":9.646139851,"remaining_time":8.316876631},
{"learn":[0.2454832508],"iteration":537,"passed_time":9.660350878,"remaining_time":8.295691646},
{"learn":[0.2453650609],"iteration":538,"passed_time":9.675329303,"remaining_time":8.275188884},
{"learn":[0.2452321183],"iteration":539,"passed_time":9.687627118,"remaining_time":8.2524231},
{"learn":[0.2450638102],"iteration":540,"passed_time":9.69979803,"remaining_time":8.229588347},
{"learn":[0.2449288616],"iteration":541,"passed_time":9.71216272,"remaining_time":8.20695669},
{"learn":[0.2447252234],"iteration":542,"passed_time":9.724464348,"remaining_time":8.184309773},
{"learn":[0.2446014175],"iteration":543,"passed_time":9.736960021,"remaining_time":8.161863547},
{"learn":[0.2445092791],"iteration":544,"passed_time":9.74872978,"remaining_time":8.138847798},
{"learn":[0.2444063669],"iteration":545,"passed_time":9.76076663,"remaining_time":8.11609533},
{"learn":[0.2442302386],"iteration":546,"passed_time":9.772998649,"remaining_time":8.093543671},
{"learn":[0.2440207739],"iteration":547,"passed_time":9.789764861,"remaining_time":8.074769557},
{"learn":[0.2438893335],"iteration":548,"passed_time":9.802063876,"remaining_time":8.052332984},
{"learn":[0.2437348714],"iteration":549,"passed_time":9.813585269,"remaining_time":8.029297038},
{"learn":[0.243634402],"iteration":550,"passed_time":9.825323577,"remaining_time":8.006479648},
{"learn":[0.2435164735],"iteration":551,"passed_time":9.837680559,"remaining_time":7.984204512},
{"learn":[0.2433091444],"iteration":552,"passed_time":9.849566407,"remaining_time":7.961584419},
{"learn":[0.2432011938],"iteration":553,"passed_time":9.861226585,"remaining_time":7.938821403},
{"learn":[0.2430309291],"iteration":554,"passed_time":9.873312221,"remaining_time":7.916439528},
{"learn":[0.242912295],"iteration":555,"passed_time":9.886553359,"remaining_time":7.89501743},
{"learn":[0.2427330713],"iteration":556,"passed_time":9.901976396,"remaining_time":7.875360042},
{"learn":[0.2425612893],"iteration":557,"passed_time":9.914288174,"remaining_time":7.853253357},
{"learn":[0.2424063816],"iteration":558,"passed_time":9.92617645,"remaining_time":7.830847611},
{"learn":[0.2422269389],"iteration":559,"passed_time":9.938954885,"remaining_time":7.809178838},
{"learn":[0.2421154358],"iteration":560,"passed_time":9.951017487,"remaining_time":7.786981599},
{"learn":[0.2420114971],"iteration":561,"passed_time":9.963686346,"remaining_time":7.765292917},
{"learn":[0.2417667242],"iteration":562,"passed_time":9.975583626,"remaining_time":7.743037379},
{"learn":[0.2415693457],"iteration":563,"passed_time":9.987669714,"remaining_time":7.72096453},
{"learn":[0.2413859116],"iteration":564,"passed_time":10.00017657,"remaining_time":7.699250988},
{"learn":[0.2412207875],"iteration":565,"passed_time":10.01223196,"remaining_time":7.677223801},
{"learn":[0.2410313091],"iteration":566,"passed_time":10.02447628,"remaining_time":7.655376067},
{"learn":[0.240920072],"iteration":567,"passed_time":10.03764227,"remaining_time":7.634263134},
{"learn":[0.2408144849],"iteration":568,"passed_time":10.05147356,"remaining_time":7.61368208},
{"learn":[0.2406822023],"iteration":569,"passed_time":10.06544375,"remaining_time":7.593229496},
{"learn":[0.240507269],"iteration":570,"passed_time":10.07702934,"remaining_time":7.571008036},
{"learn":[0.2403188995],"iteration":571,"passed_time":10.09203476,"remaining_time":7.551382651},
{"learn":[0.2401158722],"iteration":572,"passed_time":10.11603995,"remaining_time":7.538480035},
{"learn":[0.2399581433],"iteration":573,"passed_time":10.13302369,"remaining_time":7.520327687},
{"learn":[0.239828888],"iteration":574,"passed_time":10.14851442,"remaining_time":7.501075878},
{"learn":[0.2395846855],"iteration":575,"passed_time":10.16404832,"remaining_time":7.481868905},
{"learn":[0.2394141132],"iteration":576,"passed_time":10.18010906,"remaining_time":7.463060891},
{"learn":[0.239218172],"iteration":577,"passed_time":10.19802142,"remaining_time":7.445614253},
{"learn":[0.2391267732],"iteration":578,"passed_time":10.21302984,"remaining_time":7.426054513},
{"learn":[0.238946001],"iteration":579,"passed_time":10.22822985,"remaining_time":7.406649199},
{"learn":[0.2387758814],"iteration":580,"passed_time":10.24704792,"remaining_time":7.389867605},
{"learn":[0.2386696981],"iteration":581,"passed_time":10.26069538,"remaining_time":7.369365408},
{"learn":[0.2384609227],"iteration":582,"passed_time":10.27399257,"remaining_time":7.348636193},
{"learn":[0.238273953],"iteration":583,"passed_time":10.28771228,"remaining_time":7.328233408},
{"learn":[0.238157807],"iteration":584,"passed_time":10.30088604,"remaining_time":7.307466165},
{"learn":[0.2379765477],"iteration":585,"passed_time":10.31728668,"remaining_time":7.289004586},
{"learn":[0.2378743308],"iteration":586,"passed_time":10.33277332,"remaining_time":7.26990695},
{"learn":[0.237748915],"iteration":587,"passed_time":10.35240222,"remaining_time":7.253724005},
{"learn":[0.2375467532],"iteration":588,"passed_time":10.36598381,"remaining_time":7.233309582},
{"learn":[0.237414975],"iteration":589,"passed_time":10.38590704,"remaining_time":7.21732523},
{"learn":[0.2372356858],"iteration":590,"passed_time":10.40571753,"remaining_time":7.201249528},
{"learn":[0.2371329286],"iteration":591,"passed_time":10.42430759,"remaining_time":7.184320093},
{"learn":[0.2369905017],"iteration":592,"passed_time":10.43803548,"remaining_time":7.164047957},
{"learn":[0.2368974166],"iteration":593,"passed_time":10.4507303,"remaining_time":7.143091752},
{"learn":[0.236810591],"iteration":594,"passed_time":10.46451734,"remaining_time":7.122906763},
{"learn":[0.236671459],"iteration":595,"passed_time":10.48320563,"remaining_time":7.106065559},
{"learn":[0.2366003508],"iteration":596,"passed_time":10.49978421,"remaining_time":7.087794029},
{"learn":[0.23650871],"iteration":597,"passed_time":10.51902326,"remaining_time":7.071316638},
{"learn":[0.2364085014],"iteration":598,"passed_time":10.53674006,"remaining_time":7.053810961},
{"learn":[0.2362896445],"iteration":599,"passed_time":10.55105549,"remaining_time":7.034036991},
{"learn":[0.2360709092],"iteration":600,"passed_time":10.56765265,"remaining_time":7.015796018},
{"learn":[0.2359010417],"iteration":601,"passed_time":10.58773633,"remaining_time":6.99986555},
{"learn":[0.2357787613],"iteration":602,"passed_time":10.60245371,"remaining_time":6.980388262},
{"learn":[0.2356016951],"iteration":603,"passed_time":10.61936781,"remaining_time":6.962366973},
{"learn":[0.2354637625],"iteration":604,"passed_time":10.63687624,"remaining_time":6.944737382},
{"learn":[0.2353544487],"iteration":605,"passed_time":10.65321852,"remaining_time":6.926349992},
{"learn":[0.2352289095],"iteration":606,"passed_time":10.66658308,"remaining_time":6.906041433},
{"learn":[0.2351301833],"iteration":607,"passed_time":10.681615,"remaining_time":6.886830722},
{"learn":[0.23506251],"iteration":608,"passed_time":10.69522608,"remaining_time":6.866721505},
{"learn":[0.2349595072],"iteration":609,"passed_time":10.70988724,"remaining_time":6.847304957},
{"learn":[0.2347749839],"iteration":610,"passed_time":10.72992639,"remaining_time":6.831327932},
{"learn":[0.2345758724],"iteration":611,"passed_time":10.74861024,"remaining_time":6.814478389},
{"learn":[0.2343247932],"iteration":612,"passed_time":10.76822221,"remaining_time":6.798208803},
{"learn":[0.2341446532],"iteration":613,"passed_time":10.78657604,"remaining_time":6.781137378},
{"learn":[0.2340694135],"iteration":614,"passed_time":10.80515001,"remaining_time":6.7641996},
{"learn":[0.2339425958],"iteration":615,"passed_time":10.82446052,"remaining_time":6.747715652},
{"learn":[0.2337306894],"iteration":616,"passed_time":10.84254859,"remaining_time":6.730463709},
{"learn":[0.2336375024],"iteration":617,"passed_time":10.85634685,"remaining_time":6.71055744},
{"learn":[0.2335414179],"iteration":618,"passed_time":10.87030101,"remaining_time":6.690766858},
{"learn":[0.2333580703],"iteration":619,"passed_time":10.89084757,"remaining_time":6.67503561},
{"learn":[0.2331602381],"iteration":620,"passed_time":10.9118791,"remaining_time":6.659584829},
{"learn":[0.233054855],"iteration":621,"passed_time":10.93054944,"remaining_time":6.642681168},
{"learn":[0.2329142176],"iteration":622,"passed_time":10.9506036,"remaining_time":6.626609238},
{"learn":[0.2328000883],"iteration":623,"passed_time":10.99172316,"remaining_time":6.623217801},
{"learn":[0.2327260272],"iteration":624,"passed_time":11.02806763,"remaining_time":6.61684058},
{"learn":[0.2326135703],"iteration":625,"passed_time":11.04321313,"remaining_time":6.59770241},
{"learn":[0.2324159902],"iteration":626,"passed_time":11.06703512,"remaining_time":6.583738596},
{"learn":[0.2323284325],"iteration":627,"passed_time":11.10156654,"remaining_time":6.576087188},
{"learn":[0.2322136743],"iteration":628,"passed_time":11.13057313,"remaining_time":6.565091621},
{"learn":[0.2320348888],"iteration":629,"passed_time":11.1514198,"remaining_time":6.549246551},
{"learn":[0.2318713029],"iteration":630,"passed_time":11.16938348,"remaining_time":6.53169969},
{"learn":[0.2316826544],"iteration":631,"passed_time":11.18988265,"remaining_time":6.515627869},
{"learn":[0.2315498631],"iteration":632,"passed_time":11.22802072,"remaining_time":6.509768728},
{"learn":[0.2314645066],"iteration":633,"passed_time":11.25145868,"remaining_time":6.495321571},
{"learn":[0.2313409757],"iteration":634,"passed_time":11.26720261,"remaining_time":6.476423546},
{"learn":[0.2311986264],"iteration":635,"passed_time":11.28276591,"remaining_time":6.457432061},
{"learn":[0.2310319118],"iteration":636,"passed_time":11.30109556,"remaining_time":6.440027768},
{"learn":[0.2309036207],"iteration":637,"passed_time":11.31651488,"remaining_time":6.42096926},
{"learn":[0.2307684973],"iteration":638,"passed_time":11.33687104,"remaining_time":6.40471118},
{"learn":[0.2306635383],"iteration":639,"passed_time":11.35138512,"remaining_time":6.385154131},
{"learn":[0.2305662596],"iteration":640,"passed_time":11.37323669,"remaining_time":6.369722265},
{"learn":[0.2303807462],"iteration":641,"passed_time":11.39403287,"remaining_time":6.35368188},
{"learn":[0.2302023973],"iteration":642,"passed_time":11.40670284,"remaining_time":6.333114953},
{"learn":[0.2300901755],"iteration":643,"passed_time":11.42219979,"remaining_time":6.314135286},
{"learn":[0.2299669025],"iteration":644,"passed_time":11.43581191,"remaining_time":6.294129034},
{"learn":[0.2298784722],"iteration":645,"passed_time":11.44927099,"remaining_time":6.274058715},
{"learn":[0.2297323653],"iteration":646,"passed_time":11.46815878,"remaining_time":6.256970708},
{"learn":[0.2296361352],"iteration":647,"passed_time":11.4857492,"remaining_time":6.239172407},
{"learn":[0.2295224939],"iteration":648,"passed_time":11.50191005,"remaining_time":6.220601586},
{"learn":[0.2293568018],"iteration":649,"passed_time":11.51498096,"remaining_time":6.200374366},
{"learn":[0.229210129],"iteration":650,"passed_time":11.5338985,"remaining_time":6.183303495},
{"learn":[0.2291234814],"iteration":651,"passed_time":11.55035076,"remaining_time":6.164911143},
{"learn":[0.2290014498],"iteration":652,"passed_time":11.56939429,"remaining_time":6.147901711},
{"learn":[0.2289059976],"iteration":653,"passed_time":11.58540714,"remaining_time":6.129282677},
{"learn":[0.2287263329],"iteration":654,"passed_time":11.6006619,"remaining_time":6.110272299},
{"learn":[0.22864164],"iteration":655,"passed_time":11.61551936,"remaining_time":6.091065029},
{"learn":[0.228498328],"iteration":656,"passed_time":11.63968304,"remaining_time":6.076729503},
{"learn":[0.2283651391],"iteration":657,"passed_time":11.66221672,"remaining_time":6.061516899},
{"learn":[0.2282661992],"iteration":658,"passed_time":11.68305054,"remaining_time":6.045402479},
{"learn":[0.2281677896],"iteration":659,"passed_time":11.70196912,"remaining_time":6.028287125},
{"learn":[0.2279643137],"iteration":660,"passed_time":11.72457373,"remaining_time":6.013056725},
{"learn":[0.2278767733],"iteration":661,"passed_time":11.75185509,"remaining_time":6.000191875},
{"learn":[0.2277701082],"iteration":662,"passed_time":11.78880386,"remaining_time":5.992197437},
{"learn":[0.2276654371],"iteration":663,"passed_time":11.82575723,"remaining_time":5.984118119},
{"learn":[0.22753488],"iteration":664,"passed_time":11.85932426,"remaining_time":5.974246058},
{"learn":[0.2274058884],"iteration":665,"passed_time":11.88423685,"remaining_time":5.959962625},
{"learn":[0.2272963563],"iteration":666,"passed_time":11.93699054,"remaining_time":5.959547001},
{"learn":[0.2272131028],"iteration":667,"passed_time":11.97106941,"remaining_time":5.94969318},
{"learn":[0.2270033408],"iteration":668,"passed_time":11.99294637,"remaining_time":5.933729819},
{"learn":[0.2268600762],"iteration":669,"passed_time":12.03031574,"remaining_time":5.925379393},
{"learn":[0.2267289613],"iteration":670,"passed_time":12.0823075,"remaining_time":5.924112025},
{"learn":[0.226631163],"iteration":671,"passed_time":12.11452631,"remaining_time":5.913042606},
{"learn":[0.2264871912],"iteration":672,"passed_time":12.1316998,"remaining_time":5.894600052},
{"learn":[0.2263453567],"iteration":673,"passed_time":12.15031867,"remaining_time":5.876860364},
{"learn":[0.2262463869],"iteration":674,"passed_time":12.16706227,"remaining_time":5.858215165},
{"learn":[0.2261484664],"iteration":675,"passed_time":12.18383762,"remaining_time":5.839590814},
{"learn":[0.2260853645],"iteration":676,"passed_time":12.19934596,"remaining_time":5.820367422},
{"learn":[0.2258956498],"iteration":677,"passed_time":12.21807732,"remaining_time":5.802685691},
{"learn":[0.2258187443],"iteration":678,"passed_time":12.24666214,"remaining_time":5.789659128},
{"learn":[0.2257058224],"iteration":679,"passed_time":12.28221292,"remaining_time":5.779864906},
{"learn":[0.2256135769],"iteration":680,"passed_time":12.30849345,"remaining_time":5.765652584},
{"learn":[0.2254932807],"iteration":681,"passed_time":12.34870553,"remaining_time":5.757900817},
{"learn":[0.2253335254],"iteration":682,"passed_time":12.37255887,"remaining_time":5.742461438},
{"learn":[0.2252230645],"iteration":683,"passed_time":12.39248417,"remaining_time":5.725182747},
{"learn":[0.2251192791],"iteration":684,"passed_time":12.41906796,"remaining_time":5.710958259},
{"learn":[0.2250326255],"iteration":685,"passed_time":12.45752529,"remaining_time":5.702132569},
{"learn":[0.2249368894],"iteration":686,"passed_time":12.47931067,"remaining_time":5.685624802},
{"learn":[0.2248610821],"iteration":687,"passed_time":12.4967536,"remaining_time":5.667132446},
{"learn":[0.2247340854],"iteration":688,"passed_time":12.51529616,"remaining_time":5.649139485},
{"learn":[0.2245457245],"iteration":689,"passed_time":12.53235799,"remaining_time":5.630479675},
{"learn":[0.2243710642],"iteration":690,"passed_time":12.54867648,"remaining_time":5.611492087},
{"learn":[0.2242445334],"iteration":691,"passed_time":12.56611214,"remaining_time":5.593009448},
{"learn":[0.2240798853],"iteration":692,"passed_time":12.58612526,"remaining_time":5.575671652},
{"learn":[0.2239939489],"iteration":693,"passed_time":12.60535063,"remaining_time":5.557978807},
{"learn":[0.2238587643],"iteration":694,"passed_time":12.62157626,"remaining_time":5.538965123},
{"learn":[0.2237080275],"iteration":695,"passed_time":12.63718089,"remaining_time":5.519688204},
{"learn":[0.2236227105],"iteration":696,"passed_time":12.65140429,"remaining_time":5.499821375},
{"learn":[0.2235104785],"iteration":697,"passed_time":12.66922628,"remaining_time":5.481527704},
{"learn":[0.2233841331],"iteration":698,"passed_time":12.68512999,"remaining_time":5.462409338},
{"learn":[0.2232646789],"iteration":699,"passed_time":12.70111678,"remaining_time":5.443335761},
{"learn":[0.2231465096],"iteration":700,"passed_time":12.71543926,"remaining_time":5.42356111},
{"learn":[0.2230395302],"iteration":701,"passed_time":12.74452159,"remaining_time":5.410067568},
{"learn":[0.2228791412],"iteration":702,"passed_time":12.75846933,"remaining_time":5.390135692},
{"learn":[0.2227535875],"iteration":703,"passed_time":12.77810983,"remaining_time":5.372614361},
{"learn":[0.2226247743],"iteration":704,"passed_time":12.79671616,"remaining_time":5.354654279},
{"learn":[0.2225211838],"iteration":705,"passed_time":12.81351271,"remaining_time":5.335938721},
{"learn":[0.2223796346],"iteration":706,"passed_time":12.83248097,"remaining_time":5.318128605},
{"learn":[0.2222688824],"iteration":707,"passed_time":12.85423073,"remaining_time":5.301462392},
{"learn":[0.222174609],"iteration":708,"passed_time":12.86876373,"remaining_time":5.28181981},
{"learn":[0.2220726477],"iteration":709,"passed_time":12.88711314,"remaining_time":5.263750439},
{"learn":[0.2219861016],"iteration":710,"passed_time":12.9060298,"remaining_time":5.245910847},
{"learn":[0.2219098309],"iteration":711,"passed_time":12.92315708,"remaining_time":5.227344436},
{"learn":[0.2218140626],"iteration":712,"passed_time":12.94079727,"remaining_time":5.208988522},
{"learn":[0.2216542178],"iteration":713,"passed_time":12.95803152,"remaining_time":5.19047201},
{"learn":[0.2215019026],"iteration":714,"passed_time":12.97837977,"remaining_time":5.17320033},
{"learn":[0.2213890329],"iteration":715,"passed_time":12.99274016,"remaining_time":5.153544979},
{"learn":[0.2212428276],"iteration":716,"passed_time":13.00944673,"remaining_time":5.13483044},
{"learn":[0.2211315068],"iteration":717,"passed_time":13.02448315,"remaining_time":5.115465528},
{"learn":[0.2210099518],"iteration":718,"passed_time":13.03815514,"remaining_time":5.095579408},
{"learn":[0.220908012],"iteration":719,"passed_time":13.05755631,"remaining_time":5.077938566},
{"learn":[0.2207079701],"iteration":720,"passed_time":13.07478359,"remaining_time":5.059451625},
{"learn":[0.2206156607],"iteration":721,"passed_time":13.09001666,"remaining_time":5.040200322},
{"learn":[0.2204633864],"iteration":722,"passed_time":13.10263801,"remaining_time":5.019959515},
{"learn":[0.2203416656],"iteration":723,"passed_time":13.11773769,"remaining_time":5.000684534},
{"learn":[0.2202086699],"iteration":724,"passed_time":13.13895322,"remaining_time":4.983740878},
{"learn":[0.2200990593],"iteration":725,"passed_time":13.15420938,"remaining_time":4.964536323},
{"learn":[0.2198912592],"iteration":726,"passed_time":13.17155554,"remaining_time":4.946127457},
{"learn":[0.2197545725],"iteration":727,"passed_time":13.18657831,"remaining_time":4.926853436},
{"learn":[0.2196757061],"iteration":728,"passed_time":13.19969401,"remaining_time":4.906882134},
{"learn":[0.2195667906],"iteration":729,"passed_time":13.21138247,"remaining_time":4.886401737},
{"learn":[0.2195055355],"iteration":730,"passed_time":13.22268303,"remaining_time":4.865802649},
{"learn":[0.2193125033],"iteration":731,"passed_time":13.23380519,"remaining_time":4.845163649},
{"learn":[0.2192265388],"iteration":732,"passed_time":13.24827609,"remaining_time":4.825770419},
{"learn":[0.2191392608],"iteration":733,"passed_time":13.26651048,"remaining_time":4.807754479},
{"learn":[0.2190214516],"iteration":734,"passed_time":13.29191155,"remaining_time":4.792321851},
{"learn":[0.2189544277],"iteration":735,"passed_time":13.30409592,"remaining_time":4.772121364},
{"learn":[0.2188285218],"iteration":736,"passed_time":13.31598283,"remaining_time":4.751836477},
{"learn":[0.2187040553],"iteration":737,"passed_time":13.32872446,"remaining_time":4.731877789},
{"learn":[0.2186134125],"iteration":738,"passed_time":13.34319242,"remaining_time":4.712548336},
{"learn":[0.2185441171],"iteration":739,"passed_time":13.35422232,"remaining_time":4.692024058},
{"learn":[0.2184707634],"iteration":740,"passed_time":13.36580099,"remaining_time":4.671717216},
{"learn":[0.2183653009],"iteration":741,"passed_time":13.37818927,"remaining_time":4.651715408},
{"learn":[0.2182526914],"iteration":742,"passed_time":13.39039637,"remaining_time":4.631671423},
{"learn":[0.2181258962],"iteration":743,"passed_time":13.40374799,"remaining_time":4.612042321},
{"learn":[0.2179435673],"iteration":744,"passed_time":13.41888344,"remaining_time":4.593040639},
{"learn":[0.2178474336],"iteration":745,"passed_time":13.43394267,"remaining_time":4.574023374},
{"learn":[0.2177542184],"iteration":746,"passed_time":13.44655491,"remaining_time":4.554187941},
{"learn":[0.2176862664],"iteration":747,"passed_time":13.46093465,"remaining_time":4.534967289},
{"learn":[0.217621408],"iteration":748,"passed_time":13.47355376,"remaining_time":4.51516955},
{"learn":[0.2175224403],"iteration":749,"passed_time":13.4857468,"remaining_time":4.495248933},
{"learn":[0.2174335236],"iteration":750,"passed_time":13.49813792,"remaining_time":4.47541457},
{"learn":[0.2173242969],"iteration":751,"passed_time":13.50980048,"remaining_time":4.455359734},
{"learn":[0.217207754],"iteration":752,"passed_time":13.52363882,"remaining_time":4.436040889},
{"learn":[0.217131558],"iteration":753,"passed_time":13.5351964,"remaining_time":4.415992458},
{"learn":[0.2169850903],"iteration":754,"passed_time":13.54652993,"remaining_time":4.395893818},
{"learn":[0.2168834992],"iteration":755,"passed_time":13.55928607,"remaining_time":4.376277514},
{"learn":[0.2167381275],"iteration":756,"passed_time":13.57097533,"remaining_time":4.356336864},
{"learn":[0.2166481795],"iteration":757,"passed_time":13.5830944,"remaining_time":4.336555204},
{"learn":[0.2164853705],"iteration":758,"passed_time":13.59442898,"remaining_time":4.316544643},
{"learn":[0.2163208319],"iteration":759,"passed_time":13.60592144,"remaining_time":4.29660677},
{"learn":[0.2162184468],"iteration":760,"passed_time":13.62248032,"remaining_time":4.278282255},
{"learn":[0.2161416733],"iteration":761,"passed_time":13.63632075,"remaining_time":4.259113305},
{"learn":[0.2159878834],"iteration":762,"passed_time":13.64763975,"remaining_time":4.239175126},
{"learn":[0.2158626903],"iteration":763,"passed_time":13.65885549,"remaining_time":4.219227613},
{"learn":[0.2157110307],"iteration":764,"passed_time":13.6710589,"remaining_time":4.199606328},
{"learn":[0.2155726106],"iteration":765,"passed_time":13.68215254,"remaining_time":4.179665396},
{"learn":[0.2154919838],"iteration":766,"passed_time":13.69295806,"remaining_time":4.15966001},
{"learn":[0.2154080962],"iteration":767,"passed_time":13.70447154,"remaining_time":4.139892445},
{"learn":[0.2153203838],"iteration":768,"passed_time":13.71779675,"remaining_time":4.12069057},
{"learn":[0.215242444],"iteration":769,"passed_time":13.72900327,"remaining_time":4.100871107},
{"learn":[0.2151174764],"iteration":770,"passed_time":13.74145312,"remaining_time":4.081443273},
{"learn":[0.215033265],"iteration":771,"passed_time":13.75393204,"remaining_time":4.062042106},
{"learn":[0.2149529861],"iteration":772,"passed_time":13.76705697,"remaining_time":4.042848554},
{"learn":[0.2148443407],"iteration":773,"passed_time":13.77819801,"remaining_time":4.023091409},
{"learn":[0.2146809581],"iteration":774,"passed_time":13.79009882,"remaining_time":4.003577076},
{"learn":[0.2145990616],"iteration":775,"passed_time":13.8023821,"remaining_time":3.98419277},
{"learn":[0.2143617042],"iteration":776,"passed_time":13.81482745,"remaining_time":3.964873258},
{"learn":[0.2142827546],"iteration":777,"passed_time":13.82890436,"remaining_time":3.946036976},
{"learn":[0.2141700632],"iteration":778,"passed_time":13.84169376,"remaining_time":3.926847651},
{"learn":[0.2140626756],"iteration":779,"passed_time":13.85488826,"remaining_time":3.907788996},
{"learn":[0.2139569805],"iteration":780,"passed_time":13.87374743,"remaining_time":3.890333787},
{"learn":[0.213883726],"iteration":781,"passed_time":13.8897675,"remaining_time":3.872083524},
{"learn":[0.2137275186],"iteration":782,"passed_time":13.90458402,"remaining_time":3.853505404},
{"learn":[0.2135897406],"iteration":783,"passed_time":13.9159199,"remaining_time":3.833977932},
{"learn":[0.2134771805],"iteration":784,"passed_time":13.92768735,"remaining_time":3.814589529},
{"learn":[0.2134017226],"iteration":785,"passed_time":13.94140416,"remaining_time":3.795751259},
{"learn":[0.2133182006],"iteration":786,"passed_time":13.95487415,"remaining_time":3.776859205},
{"learn":[0.2131551914],"iteration":787,"passed_time":13.96960365,"remaining_time":3.758319764},
{"learn":[0.2130750841],"iteration":788,"passed_time":13.98409831,"remaining_time":3.739727178},
{"learn":[0.2129419535],"iteration":789,"passed_time":13.99865486,"remaining_time":3.721161417},
{"learn":[0.2128164797],"iteration":790,"passed_time":14.01701312,"remaining_time":3.703610294},
{"learn":[0.2126954681],"iteration":791,"passed_time":14.02969928,"remaining_time":3.684567488},
{"learn":[0.2125530893],"iteration":792,"passed_time":14.04185796,"remaining_time":3.665403024},
{"learn":[0.2124003343],"iteration":793,"passed_time":14.05503419,"remaining_time":3.646520206},
{"learn":[0.2122837755],"iteration":794,"passed_time":14.0672353,"remaining_time":3.627400297},
{"learn":[0.2121659456],"iteration":795,"passed_time":14.07873963,"remaining_time":3.608119203},
{"learn":[0.2120723121],"iteration":796,"passed_time":14.0896082,"remaining_time":3.588695689},
{"learn":[0.2119011641],"iteration":797,"passed_time":14.10545755,"remaining_time":3.570554418},
{"learn":[0.2118289035],"iteration":798,"passed_time":14.11925223,"remaining_time":3.551902001},
{"learn":[0.2116733077],"iteration":799,"passed_time":14.13376325,"remaining_time":3.533440813},
{"learn":[0.2115987993],"iteration":800,"passed_time":14.14848284,"remaining_time":3.515041304},
{"learn":[0.2115216781],"iteration":801,"passed_time":14.16257219,"remaining_time":3.496495378},
{"learn":[0.2113975971],"iteration":802,"passed_time":14.17576312,"remaining_time":3.477740142},
{"learn":[0.2113046689],"iteration":803,"passed_time":14.18925835,"remaining_time":3.45907293},
{"learn":[0.2111166759],"iteration":804,"passed_time":14.20380299,"remaining_time":3.440672774},
{"learn":[0.2110280164],"iteration":805,"passed_time":14.21886501,"remaining_time":3.422406716},
{"learn":[0.2108861419],"iteration":806,"passed_time":14.23342728,"remaining_time":3.404029077},
{"learn":[0.210803782],"iteration":807,"passed_time":14.2557763,"remaining_time":3.387511201},
{"learn":[0.2107324878],"iteration":808,"passed_time":14.27050295,"remaining_time":3.369179311},
{"learn":[0.2106099305],"iteration":809,"passed_time":14.28486595,"remaining_time":3.350771024},
{"learn":[0.2105157962],"iteration":810,"passed_time":14.30254002,"remaining_time":3.333144344},
{"learn":[0.2103970009],"iteration":811,"passed_time":14.31812016,"remaining_time":3.315032745},
{"learn":[0.2102555842],"iteration":812,"passed_time":14.33797045,"remaining_time":3.297909562},
{"learn":[0.2101841517],"iteration":813,"passed_time":14.35815344,"remaining_time":3.2808557},
{"learn":[0.2101130394],"iteration":814,"passed_time":14.3803206,"remaining_time":3.264244553},
{"learn":[0.21001242],"iteration":815,"passed_time":14.39956025,"remaining_time":3.246959664},
{"learn":[0.2099017483],"iteration":816,"passed_time":14.41406229,"remaining_time":3.228608811},
{"learn":[0.209749792],"iteration":817,"passed_time":14.43617822,"remaining_time":3.211961412},
{"learn":[0.209613679],"iteration":818,"passed_time":14.45180429,"remaining_time":3.193866394},
{"learn":[0.2094460821],"iteration":819,"passed_time":14.46731522,"remaining_time":3.175752122},
{"learn":[0.2093659518],"iteration":820,"passed_time":14.48497606,"remaining_time":3.15811293},
{"learn":[0.2092377808],"iteration":821,"passed_time":14.50380456,"remaining_time":3.140726534},
{"learn":[0.2091010728],"iteration":822,"passed_time":14.52123841,"remaining_time":3.123036693},
{"learn":[0.2090112522],"iteration":823,"passed_time":14.53609344,"remaining_time":3.104796658},
{"learn":[0.208874495],"iteration":824,"passed_time":14.55139757,"remaining_time":3.086660091},
{"learn":[0.208803055],"iteration":825,"passed_time":14.56333267,"remaining_time":3.067820682},
{"learn":[0.2087284845],"iteration":826,"passed_time":14.57523475,"remaining_time":3.048991066},
{"learn":[0.208609238],"iteration":827,"passed_time":14.59078581,"remaining_time":3.030936184},
{"learn":[0.2084557056],"iteration":828,"passed_time":14.60650807,"remaining_time":3.012922653},
{"learn":[0.2083801941],"iteration":829,"passed_time":14.62616095,"remaining_time":2.995719713},
{"learn":[0.2082937016],"iteration":830,"passed_time":14.64810404,"remaining_time":2.978976633},
{"learn":[0.2082330626],"iteration":831,"passed_time":14.66615567,"remaining_time":2.961435279},
{"learn":[0.2081327291],"iteration":832,"passed_time":14.68582088,"remaining_time":2.944216192},
{"learn":[0.2080698917],"iteration":833,"passed_time":14.70222059,"remaining_time":2.926341268},
{"learn":[0.2079369198],"iteration":834,"passed_time":14.72208613,"remaining_time":2.909154744},
{"learn":[0.2078593617],"iteration":835,"passed_time":14.74278068,"remaining_time":2.892124439},
{"learn":[0.207776913],"iteration":836,"passed_time":14.76017021,"remaining_time":2.87444175},
{"learn":[0.2076893759],"iteration":837,"passed_time":14.77462579,"remaining_time":2.856192576},
{"learn":[0.2076171064],"iteration":838,"passed_time":14.78916234,"remaining_time":2.837967982},
{"learn":[0.2074925534],"iteration":839,"passed_time":14.80490329,"remaining_time":2.81998158},
{"learn":[0.2072781575],"iteration":840,"passed_time":14.81792249,"remaining_time":2.80148594},
{"learn":[0.2071882303],"iteration":841,"passed_time":14.8312118,"remaining_time":2.783053995},
{"learn":[0.2070503166],"iteration":842,"passed_time":14.8445732,"remaining_time":2.764647677},
{"learn":[0.2069775772],"iteration":843,"passed_time":14.85910543,"remaining_time":2.746469723},
{"learn":[0.2068456739],"iteration":844,"passed_time":14.87189886,"remaining_time":2.727981448},
{"learn":[0.2067357469],"iteration":845,"passed_time":14.88579909,"remaining_time":2.709708108},
{"learn":[0.2066438151],"iteration":846,"passed_time":14.90226133,"remaining_time":2.691907892},
{"learn":[0.2064966905],"iteration":847,"passed_time":14.91954106,"remaining_time":2.674257359},
{"learn":[0.2064316554],"iteration":848,"passed_time":14.9373239,"remaining_time":2.656697183},
{"learn":[0.2063528239],"iteration":849,"passed_time":14.95607695,"remaining_time":2.639307697},
{"learn":[0.206279352],"iteration":850,"passed_time":14.9745341,"remaining_time":2.621863198},
{"learn":[0.2061233426],"iteration":851,"passed_time":14.99455701,"remaining_time":2.604688308},
{"learn":[0.2060280265],"iteration":852,"passed_time":15.0099079,"remaining_time":2.586701596},
{"learn":[0.2059084733],"iteration":853,"passed_time":15.02561116,"remaining_time":2.568781299},
{"learn":[0.2058321447],"iteration":854,"passed_time":15.04443688,"remaining_time":2.551395728},
{"learn":[0.2057578934],"iteration":855,"passed_time":15.06552292,"remaining_time":2.534387034},
{"learn":[0.2056950381],"iteration":856,"passed_time":15.08025965,"remaining_time":2.51630937},
{"learn":[0.2055643129],"iteration":857,"passed_time":15.09740862,"remaining_time":2.498638722},
{"learn":[0.2054396983],"iteration":858,"passed_time":15.11203214,"remaining_time":2.480554752},
{"learn":[0.2052849177],"iteration":859,"passed_time":15.1283162,"remaining_time":2.462749149},
{"learn":[0.2052144932],"iteration":860,"passed_time":15.14464613,"remaining_time":2.444954485},
{"learn":[0.2051416883],"iteration":861,"passed_time":15.16288161,"remaining_time":2.427468285},
{"learn":[0.2050556721],"iteration":862,"passed_time":15.18265811,"remaining_time":2.410224983},
{"learn":[0.2049438034],"iteration":863,"passed_time":15.19799046,"remaining_time":2.392276277},
{"learn":[0.2048449079],"iteration":864,"passed_time":15.2169487,"remaining_time":2.374899508},
{"learn":[0.204753642],"iteration":865,"passed_time":15.23724842,"remaining_time":2.357726661},
{"learn":[0.2046583168],"iteration":866,"passed_time":15.25714052,"remaining_time":2.340484071},
{"learn":[0.2045651676],"iteration":867,"passed_time":15.2746527,"remaining_time":2.322873451},
{"learn":[0.2044080025],"iteration":868,"passed_time":15.2925851,"remaining_time":2.305326408},
{"learn":[0.2043292572],"iteration":869,"passed_time":15.3065388,"remaining_time":2.287183958},
{"learn":[0.2042707368],"iteration":870,"passed_time":15.32321328,"remaining_time":2.26945409},
{"learn":[0.2041579935],"iteration":871,"passed_time":15.33599012,"remaining_time":2.251154514},
{"learn":[0.2039947213],"iteration":872,"passed_time":15.35050579,"remaining_time":2.233120544},
{"learn":[0.2038896209],"iteration":873,"passed_time":15.36530502,"remaining_time":2.215135506},
{"learn":[0.2037915448],"iteration":874,"passed_time":15.37802404,"remaining_time":2.196860577},
{"learn":[0.2036296603],"iteration":875,"passed_time":15.39287756,"remaining_time":2.178900476},
{"learn":[0.2035718783],"iteration":876,"passed_time":15.40640459,"remaining_time":2.160761419},
{"learn":[0.2035071463],"iteration":877,"passed_time":15.41771692,"remaining_time":2.14232513},
{"learn":[0.2033736101],"iteration":878,"passed_time":15.42944503,"remaining_time":2.123962285},
{"learn":[0.2033142079],"iteration":879,"passed_time":15.44237779,"remaining_time":2.10577879},
{"learn":[0.2031919833],"iteration":880,"passed_time":15.45507947,"remaining_time":2.087576001},
{"learn":[0.2030899984],"iteration":881,"passed_time":15.46738842,"remaining_time":2.069333145},
{"learn":[0.2029790322],"iteration":882,"passed_time":15.48323014,"remaining_time":2.05157183},
{"learn":[0.202847893],"iteration":883,"passed_time":15.4948294,"remaining_time":2.033258157},
{"learn":[0.2027770656],"iteration":884,"passed_time":15.50747073,"remaining_time":2.015095067},
{"learn":[0.2026706489],"iteration":885,"passed_time":15.53109766,"remaining_time":1.998357939},
{"learn":[0.2025688033],"iteration":886,"passed_time":15.54687206,"remaining_time":1.980604896},
{"learn":[0.20248125],"iteration":887,"passed_time":15.5660971,"remaining_time":1.963291527},
{"learn":[0.2023413746],"iteration":888,"passed_time":15.58285364,"remaining_time":1.94566564},
{"learn":[0.2022705795],"iteration":889,"passed_time":15.59640548,"remaining_time":1.927645621},
{"learn":[0.2021972936],"iteration":890,"passed_time":15.61018993,"remaining_time":1.909664089},
{"learn":[0.2020910886],"iteration":891,"passed_time":15.63148247,"remaining_time":1.892601016},
{"learn":[0.202025261],"iteration":892,"passed_time":15.64516123,"remaining_time":1.874616183},
{"learn":[0.2019436162],"iteration":893,"passed_time":15.65895573,"remaining_time":1.856654706},
{"learn":[0.2018605215],"iteration":894,"passed_time":15.67976552,"remaining_time":1.839525564},
{"learn":[0.2017857259],"iteration":895,"passed_time":15.69590453,"remaining_time":1.821846062},
{"learn":[0.2016881123],"iteration":896,"passed_time":15.71178293,"remaining_time":1.804140069},
{"learn":[0.2015965146],"iteration":897,"passed_time":15.72769569,"remaining_time":1.786442049},
{"learn":[0.2015211308],"iteration":898,"passed_time":15.74516302,"remaining_time":1.768922653},
{"learn":[0.2014272636],"iteration":899,"passed_time":15.75745882,"remaining_time":1.750828758},
{"learn":[0.2013524764],"iteration":900,"passed_time":15.77164226,"remaining_time":1.732955143},
{"learn":[0.2012596482],"iteration":901,"passed_time":15.78949078,"remaining_time":1.715487912},
{"learn":[0.2011589151],"iteration":902,"passed_time":15.80549407,"remaining_time":1.697821622},
{"learn":[0.2009922094],"iteration":903,"passed_time":15.82001638,"remaining_time":1.68000174},
{"learn":[0.2009094937],"iteration":904,"passed_time":15.83247973,"remaining_time":1.66197301},
{"learn":[0.2008522317],"iteration":905,"passed_time":15.85465975,"remaining_time":1.644964699},
{"learn":[0.2007841625],"iteration":906,"passed_time":15.87507174,"remaining_time":1.627763695},
{"learn":[0.2006509824],"iteration":907,"passed_time":15.89354629,"remaining_time":1.610359316},
{"learn":[0.2005565401],"iteration":908,"passed_time":15.90615584,"remaining_time":1.592365436},
{"learn":[0.2004698089],"iteration":909,"passed_time":15.9183581,"remaining_time":1.574343109},
{"learn":[0.2004223543],"iteration":910,"passed_time":15.93306713,"remaining_time":1.556578457},
{"learn":[0.2003448062],"iteration":911,"passed_time":15.94718832,"remaining_time":1.538763785},
{"learn":[0.2002270782],"iteration":912,"passed_time":15.96751333,"remaining_time":1.521548367},
{"learn":[0.200127864],"iteration":913,"passed_time":15.98463159,"remaining_time":1.504024416},
{"learn":[0.2000642249],"iteration":914,"passed_time":15.9999507,"remaining_time":1.486334218},
{"learn":[0.1999870903],"iteration":915,"passed_time":16.01426313,"remaining_time":1.468556881},
{"learn":[0.1998484467],"iteration":916,"passed_time":16.03096707,"remaining_time":1.451003563},
{"learn":[0.1997121491],"iteration":917,"passed_time":16.04456537,"remaining_time":1.433174684},
{"learn":[0.1995652294],"iteration":918,"passed_time":16.05817405,"remaining_time":1.415355928},
{"learn":[0.1994112729],"iteration":919,"passed_time":16.11213565,"remaining_time":1.401055274},
{"learn":[0.1993343829],"iteration":920,"passed_time":16.13620654,"remaining_time":1.384104578},
{"learn":[0.1992310042],"iteration":921,"passed_time":16.15402114,"remaining_time":1.366609164},
{"learn":[0.1991684177],"iteration":922,"passed_time":16.17096277,"remaining_time":1.349040231},
{"learn":[0.1990692755],"iteration":923,"passed_time":16.18484328,"remaining_time":1.331220876},
{"learn":[0.198943917],"iteration":924,"passed_time":16.1964136,"remaining_time":1.313222725},
{"learn":[0.1988522622],"iteration":925,"passed_time":16.20837141,"remaining_time":1.295269422},
{"learn":[0.1987935896],"iteration":926,"passed_time":16.21992257,"remaining_time":1.277297031},
{"learn":[0.1986929747],"iteration":927,"passed_time":16.23205762,"remaining_time":1.259383781},
{"learn":[0.1985768504],"iteration":928,"passed_time":16.24409127,"remaining_time":1.24147522},
{"learn":[0.1985106128],"iteration":929,"passed_time":16.25639795,"remaining_time":1.223599846},
{"learn":[0.1984157266],"iteration":930,"passed_time":16.26802662,"remaining_time":1.205686183},
{"learn":[0.1983092025],"iteration":931,"passed_time":16.2836506,"remaining_time":1.188077511},
{"learn":[0.1982026304],"iteration":932,"passed_time":16.29620903,"remaining_time":1.170252953},
{"learn":[0.1981442011],"iteration":933,"passed_time":16.30845857,"remaining_time":1.152417843},
{"learn":[0.1980832353],"iteration":934,"passed_time":16.31927569,"remaining_time":1.134495101},
{"learn":[0.1979963298],"iteration":935,"passed_time":16.33091292,"remaining_time":1.116643618},
{"learn":[0.1979164992],"iteration":936,"passed_time":16.34226699,"remaining_time":1.098786361},
{"learn":[0.1978598296],"iteration":937,"passed_time":16.3533737,"remaining_time":1.08092662},
{"learn":[0.1978118634],"iteration":938,"passed_time":16.36562641,"remaining_time":1.063155709},
{"learn":[0.1976557512],"iteration":939,"passed_time":16.37855016,"remaining_time":1.045439372},
{"learn":[0.1975306126],"iteration":940,"passed_time":16.4038797,"remaining_time":1.028511055},
{"learn":[0.1974440529],"iteration":941,"passed_time":16.42652929,"remaining_time":1.011399892},
{"learn":[0.197330925],"iteration":942,"passed_time":16.44719487,"remaining_time":0.99415706},
{"learn":[0.1972471196],"iteration":943,"passed_time":16.46625561,"remaining_time":0.9768117732},
{"learn":[0.197191526],"iteration":944,"passed_time":16.48474544,"remaining_time":0.9594296289},
{"learn":[0.1971253828],"iteration":945,"passed_time":16.50229495,"remaining_time":0.9419914663},
{"learn":[0.1970240245],"iteration":946,"passed_time":16.51932339,"remaining_time":0.9245239065},
{"learn":[0.1969669174],"iteration":947,"passed_time":16.53593105,"remaining_time":0.9070341928},
{"learn":[0.1968895945],"iteration":948,"passed_time":16.54956731,"remaining_time":0.889386652},
{"learn":[0.1968177543],"iteration":949,"passed_time":16.56419415,"remaining_time":0.8717996922},
{"learn":[0.1967335766],"iteration":950,"passed_time":16.57748335,"remaining_time":0.8541500358},
{"learn":[0.1966131911],"iteration":951,"passed_time":16.5933747,"remaining_time":0.8366407414},
{"learn":[0.1965243661],"iteration":952,"passed_time":16.61045258,"remaining_time":0.819193359},
{"learn":[0.1964068898],"iteration":953,"passed_time":16.62644158,"remaining_time":0.8016942483},
{"learn":[0.1962612911],"iteration":954,"passed_time":16.64124117,"remaining_time":0.784142254},
{"learn":[0.1961775418],"iteration":955,"passed_time":16.65677136,"remaining_time":0.7666296443},
{"learn":[0.1960749516],"iteration":956,"passed_time":16.6778175,"remaining_time":0.7493690204},
{"learn":[0.1959728025],"iteration":957,"passed_time":16.69658688,"remaining_time":0.7320006774},
{"learn":[0.1958784497],"iteration":958,"passed_time":16.7154458,"remaining_time":0.7146332407},
{"learn":[0.1957973681],"iteration":959,"passed_time":16.72802908,"remaining_time":0.6970012115},
{"learn":[0.1957448717],"iteration":960,"passed_time":16.74337441,"remaining_time":0.6794917815},
{"learn":[0.1956860983],"iteration":961,"passed_time":16.75731465,"remaining_time":0.6619313481},
{"learn":[0.1955836797],"iteration":962,"passed_time":16.77437905,"remaining_time":0.644498468},
{"learn":[0.1955104723],"iteration":963,"passed_time":16.79214828,"remaining_time":0.6270926742},
{"learn":[0.1954098114],"iteration":964,"passed_time":16.80948628,"remaining_time":0.6096704868},
{"learn":[0.1953090964],"iteration":965,"passed_time":16.83158594,"remaining_time":0.5924160683},
{"learn":[0.1951581553],"iteration":966,"passed_time":16.84722155,"remaining_time":0.5749310353},
{"learn":[0.1950520684],"iteration":967,"passed_time":16.87264757,"remaining_time":0.5577734735},
{"learn":[0.1949466597],"iteration":968,"passed_time":16.89277767,"remaining_time":0.5404294199},
{"learn":[0.1948438758],"iteration":969,"passed_time":16.90933957,"remaining_time":0.5229692651},
{"learn":[0.1947573708],"iteration":970,"passed_time":16.92288399,"remaining_time":0.5054208402},
{"learn":[0.1946544016],"iteration":971,"passed_time":16.9392049,"remaining_time":0.4879606351},
{"learn":[0.1945889323],"iteration":972,"passed_time":16.95217941,"remaining_time":0.4704099117},
{"learn":[0.1944665845],"iteration":973,"passed_time":16.96397459,"remaining_time":0.4528371042},
{"learn":[0.1943546203],"iteration":974,"passed_time":16.97798333,"remaining_time":0.4353329059},
{"learn":[0.1942458853],"iteration":975,"passed_time":16.99486005,"remaining_time":0.4179063947},
{"learn":[0.1941510575],"iteration":976,"passed_time":17.00948612,"remaining_time":0.4004280253},
{"learn":[0.1940972809],"iteration":977,"passed_time":17.02154062,"remaining_time":0.3828976418},
{"learn":[0.1940084235],"iteration":978,"passed_time":17.03384219,"remaining_time":0.3653837446},
{"learn":[0.1938832164],"iteration":979,"passed_time":17.04491849,"remaining_time":0.3478554794},
{"learn":[0.1937940057],"iteration":980,"passed_time":17.05788661,"remaining_time":0.3303770087},
{"learn":[0.1937223968],"iteration":981,"passed_time":17.07089479,"remaining_time":0.3129084585},
{"learn":[0.1936742331],"iteration":982,"passed_time":17.0826849,"remaining_time":0.295427918},
{"learn":[0.19347924],"iteration":983,"passed_time":17.09619002,"remaining_time":0.2779868295},
{"learn":[0.1934119261],"iteration":984,"passed_time":17.1090701,"remaining_time":0.2605442147},
{"learn":[0.1933254598],"iteration":985,"passed_time":17.12216575,"remaining_time":0.2431139153},
{"learn":[0.1931922897],"iteration":986,"passed_time":17.13461105,"remaining_time":0.2256838334},
{"learn":[0.1931397072],"iteration":987,"passed_time":17.14653478,"remaining_time":0.2082575074},
{"learn":[0.1930758886],"iteration":988,"passed_time":17.1593758,"remaining_time":0.1908525114},
{"learn":[0.1930339836],"iteration":989,"passed_time":17.17210371,"remaining_time":0.173455593},
{"learn":[0.1929246395],"iteration":990,"passed_time":17.18668308,"remaining_time":0.156084912},
{"learn":[0.1928136366],"iteration":991,"passed_time":17.20003237,"remaining_time":0.1387099384},
{"learn":[0.1927524216],"iteration":992,"passed_time":17.21626968,"remaining_time":0.1213634318},
{"learn":[0.1926633459],"iteration":993,"passed_time":17.23318676,"remaining_time":0.1040232601},
{"learn":[0.192581751],"iteration":994,"passed_time":17.24803779,"remaining_time":0.08667355672},
{"learn":[0.1924453995],"iteration":995,"passed_time":17.26236758,"remaining_time":0.06932677744},
{"learn":[0.1923389421],"iteration":996,"passed_time":17.2754996,"remaining_time":0.05198244615},
{"learn":[0.1922946263],"iteration":997,"passed_time":17.29219823,"remaining_time":0.03465370387},
{"learn":[0.1921430111],"iteration":998,"passed_time":17.30508469,"remaining_time":0.01732240709},
{"learn":[0.1920182255],"iteration":999,"passed_time":17.31855066,"remaining_time":0}
]}